latitude,longitude,elevation,utc_offset_seconds,timezone,timezone_abbreviation
28.64302,-80.74219,5.0,0,GMT,GMT

time,temperature_2m (°C),relative_humidity_2m (%),wind_speed_10m (kn),wind_direction_10m (°),surface_pressure (hPa),temperature_1000hPa (°C),relative_humidity_1000hPa (%),wind_speed_1000hPa (kn),wind_direction_1000hPa (°),geopotential_height_1000hPa (m),temperature_975hPa (°C),relative_humidity_975hPa (%),wind_speed_975hPa (kn),wind_direction_975hPa (°),geopotential_height_975hPa (m),temperature_950hPa (°C),relative_humidity_950hPa (%),wind_speed_950hPa (kn),wind_direction_950hPa (°),geopotential_height_950hPa (m),temperature_925hPa (°C),relative_humidity_925hPa (%),wind_speed_925hPa (kn),wind_direction_925hPa (°),geopotential_height_925hPa (m),temperature_900hPa (°C),relative_humidity_900hPa (%),wind_speed_900hPa (kn),wind_direction_900hPa (°),geopotential_height_900hPa (m),temperature_850hPa (°C),relative_humidity_850hPa (%),wind_speed_850hPa (kn),wind_direction_850hPa (°),geopotential_height_850hPa (m),temperature_800hPa (°C),relative_humidity_800hPa (%),wind_speed_800hPa (kn),wind_direction_800hPa (°),geopotential_height_800hPa (m),temperature_750hPa (°C),relative_humidity_750hPa (%),wind_speed_750hPa (kn),wind_direction_750hPa (°),geopotential_height_750hPa (m),temperature_700hPa (°C),relative_humidity_700hPa (%),wind_speed_700hPa (kn),wind_direction_700hPa (°),geopotential_height_700hPa (m),temperature_650hPa (°C),relative_humidity_650hPa (%),wind_speed_650hPa (kn),wind_direction_650hPa (°),geopotential_height_650hPa (m),temperature_600hPa (°C),relative_humidity_600hPa (%),wind_speed_600hPa (kn),wind_direction_600hPa (°),geopotential_height_600hPa (m),temperature_550hPa (°C),relative_humidity_550hPa (%),wind_speed_550hPa (kn),wind_direction_550hPa (°),geopotential_height_550hPa (m),temperature_500hPa (°C),relative_humidity_500hPa (%),wind_speed_500hPa (kn),wind_direction_500hPa (°),geopotential_height_500hPa (m),temperature_450hPa (°C),relative_humidity_450hPa (%),wind_speed_450hPa (kn),wind_direction_450hPa (°),geopotential_height_450hPa (m),temperature_400hPa (°C),relative_humidity_400hPa (%),wind_speed_400hPa (kn),wind_direction_400hPa (°),geopotential_height_400hPa (m),temperature_350hPa (°C),relative_humidity_350hPa (%),wind_speed_350hPa (kn),wind_direction_350hPa (°),geopotential_height_350hPa (m),temperature_300hPa (°C),relative_humidity_300hPa (%),wind_speed_300hPa (kn),wind_direction_300hPa (°),geopotential_height_300hPa (m),temperature_250hPa (°C),relative_humidity_250hPa (%),wind_speed_250hPa (kn),wind_direction_250hPa (°),geopotential_height_250hPa (m),temperature_200hPa (°C),relative_humidity_200hPa (%),wind_speed_200hPa (kn),wind_direction_200hPa (°),geopotential_height_200hPa (m),temperature_150hPa (°C),relative_humidity_150hPa (%),wind_speed_150hPa (kn),wind_direction_150hPa (°),geopotential_height_150hPa (m),temperature_100hPa (°C),relative_humidity_100hPa (%),wind_speed_100hPa (kn),wind_direction_100hPa (°),geopotential_height_100hPa (m),temperature_70hPa (°C),relative_humidity_70hPa (%),wind_speed_70hPa (kn),wind_direction_70hPa (°),geopotential_height_70hPa (m),temperature_50hPa (°C),relative_humidity_50hPa (%),wind_speed_50hPa (kn),wind_direction_50hPa (°),geopotential_height_50hPa (m),temperature_40hPa (°C),relative_humidity_40hPa (%),wind_speed_40hPa (kn),wind_direction_40hPa (°),geopotential_height_40hPa (m),temperature_30hPa (°C),relative_humidity_30hPa (%),wind_speed_30hPa (kn),wind_direction_30hPa (°),geopotential_height_30hPa (m),temperature_20hPa (°C),relative_humidity_20hPa (%),wind_speed_20hPa (kn),wind_direction_20hPa (°),geopotential_height_20hPa (m),temperature_15hPa (°C),relative_humidity_15hPa (%),wind_speed_15hPa (kn),wind_direction_15hPa (°),geopotential_height_15hPa (m),temperature_10hPa (°C),relative_humidity_10hPa (%),wind_speed_10hPa (kn),wind_direction_10hPa (°),geopotential_height_10hPa (m)
2026-10-08T00:00,23.2,97,9.8,63,1009.9,23.0,95,18.2,72,92.00,21.3,98,20.2,71,313.00,20.5,95,18.9,75,538.00,19.6,96,16.5,82,769.00,18.9,94,12.3,85,1006.00,17.1,90,8.2,16,1497.00,14.6,82,12.5,327,2014.00,12.0,74,10.7,306,2558.00,9.1,79,14.3,279,3135.00,5.3,88,18.6,259,3746.00,1.3,99,20.4,248,4397.00,-1.2,99,20.5,238,5096.00,-4.9,97,20.7,231,5852.00,-9.2,95,21.7,231,6675.14,-14.3,97,23.9,229,7577.78,-20.6,100,25.7,227,8577.62,-29.0,100,28.9,228,9700.00,-39.5,100,28.1,232,10975.24,-53.0,100,18.0,240,12458.14,-68.0,94,57.5,277,14244.78,-77.0,53,29.0,260,16620.83,-70.5,7,7.4,232,18710.38,-63.0,4,5.8,297,20744.83,-59.5,0,11.5,38,22126.99,-56.5,0,22.3,116,23943.93,-48.0,0,2.0,72,26568.18,-47.0,0,4.3,27,28471.34,-46.0,0,3.9,270,31159.42
2026-10-08T01:00,23.5,96,8.1,75,1011.2,23.4,93,17.4,84,103.00,21.7,97,19.3,83,324.00,20.6,95,18.2,81,550.00,19.7,93,16.1,80,781.00,18.6,94,14.3,78,1018.00,16.5,95,14.0,56,1508.00,13.9,90,11.6,12,2024.00,10.9,89,8.9,310,2566.00,8.4,97,16.3,255,3141.00,4.7,99,19.1,254,3751.00,0.4,100,18.9,249,4400.00,-1.9,99,20.6,232,5096.00,-4.9,97,21.3,218,5851.00,-8.9,97,21.8,203,6674.03,-14.3,98,24.7,203,7577.78,-21.0,100,28.2,212,8577.62,-29.0,100,31.7,221,9698.39,-39.5,100,30.1,245,10973.33,-52.0,100,25.9,257,12460.47,-68.0,100,56.9,278,14250.75,-76.0,43,21.7,260,16620.83,-70.5,11,9.4,254,18715.85,-63.5,4,2.7,256,20758.62,-59.0,0,11.3,59,22142.86,-56.0,0,19.1,118,23953.27,-49.0,0,4.6,45,26579.55,-47.5,0,7.0,56,28471.34,-45.0,0,3.3,259,31159.42
2026-10-08T02:00,23.4,96,7.3,81,1011.5,23.4,92,15.7,91,106.00,21.7,97,17.1,89,327.00,20.8,91,16.6,84,553.00,19.8,88,16.6,79,784.00,18.6,86,17.8,75,1020.00,16.3,83,21.2,61,1510.00,13.9,84,13.9,36,2025.00,11.5,93,7.8,313,2569.00,8.2,94,9.0,292,3144.00,4.2,96,9.4,284,3753.00,0.4,100,15.8,252,4401.00,-1.6,99,23.6,233,5098.00,-5.1,97,30.3,227,5854.00,-9.4,95,27.1,222,6676.24,-14.3,97,28.5,219,7579.01,-21.0,100,28.9,214,8579.02,-29.0,100,28.4,215,9700.00,-39.0,89,28.2,238,10975.24,-53.0,83,27.6,240,12460.47,-68.0,77,58.8,278,14247.76,-75.5,43,20.8,266,16629.17,-70.0,7,12.7,255,18721.31,-63.5,4,3.5,202,20758.62,-58.5,0,11.9,77,22142.86,-56.0,0,18.0,128,23962.62,-50.0,0,7.9,35,26579.55,-47.5,0,8.1,61,28471.34,-44.5,0,3.7,225,31159.42
2026-10-08T03:00,23.2,97,4.7,107,1011.6,23.5,92,11.2,113,107.00,21.8,96,12.2,106,328.00,20.4,96,12.1,104,554.00,19.5,90,12.3,99,785.00,18.4,89,14.0,94,1021.00,16.5,78,22.3,70,1511.00,14.0,80,17.2,55,2026.00,11.2,84,13.5,37,2569.00,7.8,83,15.7,34,3143.00,4.2,91,7.9,346,3751.00,0.7,100,10.9,249,4399.00,-1.6,99,16.9,234,5097.00,-5.1,97,19.3,228,5852.00,-8.9,97,22.5,226,6675.14,-14.3,95,27.1,220,7579.01,-21.0,98,28.0,220,8579.02,-29.0,100,32.1,225,9700.00,-39.5,100,33.2,231,10975.24,-52.5,100,32.7,243,12460.47,-68.0,89,59.6,278,14250.75,-76.5,50,20.5,259,16629.17,-69.5,7,14.3,265,18721.31,-63.0,4,3.7,225,20758.62,-59.0,0,12.3,87,22142.86,-55.5,0,16.5,135,23962.62,-50.0,0,12.1,54,26579.55,-47.5,0,10.5,68,28471.34,-43.5,0,5.3,194,31173.92
2026-10-08T04:00,23.1,97,3.4,66,1011.6,23.2,93,6.8,97,107.00,21.9,94,8.1,94,328.00,20.7,94,8.4,96,554.00,19.6,95,8.6,102,785.00,18.4,96,9.3,104,1021.00,16.3,91,13.8,89,1511.00,13.7,82,18.0,73,2026.00,10.9,79,15.4,54,2569.00,7.8,82,13.3,41,3142.00,4.7,89,9.2,308,3751.00,0.7,99,11.5,247,4399.00,-1.4,99,12.0,203,5097.00,-5.1,97,15.4,208,5852.00,-9.4,95,24.3,224,6675.14,-14.6,97,29.6,232,7576.54,-21.0,100,28.4,227,8576.22,-29.5,100,29.4,229,9696.77,-40.0,100,28.8,239,10969.53,-53.0,93,31.2,249,12451.16,-68.0,94,53.5,281,14241.79,-75.5,43,18.3,262,16620.83,-70.5,11,15.9,258,18715.85,-62.5,0,2.7,256,20751.73,-59.0,0,11.5,106,22142.86,-55.5,0,14.7,139,23953.27,-50.5,0,12.9,72,26579.55,-47.0,0,9.1,86,28471.34,-44.0,0,6.1,238,31173.92
2026-10-08T05:00,22.8,98,4.2,62,1011.0,23.5,89,9.0,86,101.00,22.3,90,10.3,84,323.00,21.1,91,10.7,86,549.00,19.9,93,10.9,89,780.00,18.7,95,10.6,94,1017.00,16.4,91,12.6,94,1507.00,14.0,80,17.4,83,2023.00,11.1,78,17.3,56,2565.00,7.8,86,13.3,39,3139.00,4.3,94,12.5,282,3747.00,1.5,96,12.0,186,4396.00,-1.4,97,22.9,212,5095.00,-5.1,97,22.2,232,5850.00,-9.4,97,23.4,228,6671.82,-14.6,97,28.0,226,7574.07,-21.0,100,30.3,227,8573.43,-29.5,100,29.6,232,9693.55,-40.0,100,24.8,255,10965.72,-53.0,100,32.2,248,12444.19,-68.0,100,52.9,287,14235.82,-75.5,43,16.6,249,16620.83,-70.5,11,17.5,268,18704.92,-63.5,4,2.0,252,20744.83,-58.5,0,14.8,119,22126.99,-54.5,0,9.9,148,23943.93,-51.5,0,11.7,90,26568.18,-47.0,0,10.4,86,28445.86,-43.5,0,8.8,234,31159.42
2026-10-08T06:00,23.3,97,4.3,82,1010.2,23.9,90,10.7,89,94.00,22.2,95,12.1,87,316.00,21.3,91,12.8,83,542.00,20.5,89,13.3,84,774.00,19.4,88,14.0,87,1011.00,17.0,76,18.2,89,1502.00,15.0,66,16.7,67,2018.00,11.9,67,15.6,58,2562.00,8.2,83,5.1,349,3137.00,4.8,94,10.7,235,3747.00,0.6,100,19.7,226,4397.00,-1.6,99,25.8,231,5094.00,-5.1,97,27.1,230,5849.00,-9.4,95,29.1,238,6670.72,-14.6,97,27.1,237,7572.84,-21.4,100,27.0,235,8570.63,-29.5,100,25.5,243,9690.32,-40.5,96,24.8,237,10963.81,-53.0,80,32.7,236,12441.86,-67.5,89,51.3,295,14229.85,-75.5,43,20.9,248,16620.83,-70.5,11,15.6,265,18699.45,-63.5,4,2.6,270,20737.93,-59.0,0,13.1,123,22119.05,-54.5,0,7.2,153,23943.93,-51.0,0,12.3,108,26556.82,-47.0,0,8.4,113,28445.86,-44.0,0,8.7,228,31144.93
2026-10-08T07:00,23.5,96,3.7,93,1009.8,24.0,90,10.4,98,91.00,22.3,96,12.7,94,313.00,20.8,98,13.6,89,539.00,20.1,91,15.0,85,771.00,19.1,84,16.3,86,1008.00,16.5,78,21.4,87,1498.00,14.1,78,19.3,84,2013.00,11.3,80,16.7,75,2556.00,8.8,88,6.3,245,3131.00,5.3,88,21.3,241,3742.00,1.3,98,25.4,235,4393.00,-1.4,99,25.0,231,5091.00,-5.1,97,24.3,236,5847.00,-9.4,97,27.0,240,6668.51,-14.6,98,30.2,235,7570.37,-21.0,100,34.7,237,8569.23,-29.5,100,37.7,243,9688.71,-40.0,100,33.3,243,10961.91,-53.0,83,35.9,242,12439.54,-66.5,63,48.2,294,14229.85,-76.5,50,21.5,249,16616.67,-71.0,11,16.3,265,18693.99,-63.0,4,1.8,315,20724.14,-58.5,0,11.0,140,22111.11,-55.0,0,6.5,186,23934.58,-51.0,0,10.9,107,26545.46,-46.5,0,9.2,135,28433.12,-45.0,0,9.7,233,31130.44
2026-10-08T08:00,23.2,97,3.1,90,1009.7,24.0,90,9.7,93,90.00,22.4,94,11.9,91,312.00,21.1,93,13.2,89,538.00,20.0,89,14.6,87,769.00,18.7,84,16.3,85,1006.00,16.2,84,19.9,81,1495.00,13.9,85,18.2,84,2010.00,11.1,88,13.5,93,2553.00,8.4,92,10.7,229,3127.00,5.3,89,18.1,245,3738.00,1.7,96,19.4,243,4388.00,-1.2,97,20.3,239,5087.00,-4.9,97,23.8,227,5843.00,-9.2,97,23.9,229,6665.19,-14.6,97,26.2,230,7567.90,-21.4,100,29.2,233,8566.43,-29.5,100,30.2,235,9685.48,-40.0,100,32.9,238,10958.10,-53.0,85,39.6,249,12437.21,-67.5,74,52.7,289,14226.87,-77.0,53,20.7,250,16612.50,-70.5,11,16.4,279,18688.53,-63.5,4,2.7,284,20717.24,-59.0,0,11.9,151,22103.18,-55.5,0,6.0,193,23925.24,-50.5,0,10.1,130,26534.09,-47.5,0,7.6,149,28433.12,-45.0,0,9.7,233,31115.94
2026-10-08T09:00,23.0,97,2.5,90,1009.8,24.0,88,8.4,93,91.00,22.6,91,10.3,91,313.00,21.1,92,11.5,90,540.00,20.0,89,12.8,88,771.00,18.7,85,14.5,87,1008.00,15.8,88,16.0,86,1497.00,13.6,89,11.9,90,2011.00,10.8,93,7.5,113,2554.00,7.8,96,8.3,238,3128.00,5.0,94,12.7,254,3737.00,1.8,96,15.5,290,4388.00,-1.4,99,23.2,265,5087.00,-4.9,97,11.5,254,5842.00,-9.2,95,19.7,247,6665.19,-14.6,97,23.2,247,7567.90,-21.4,100,23.8,248,8566.43,-29.5,100,22.8,235,9685.48,-40.5,93,30.9,237,10956.19,-53.0,73,45.1,249,12434.88,-66.5,71,47.8,291,14226.87,-76.5,60,20.1,249,16612.50,-70.0,7,18.9,286,18688.53,-63.0,4,0.9,135,20717.24,-58.5,0,9.6,160,22103.18,-56.0,0,6.4,225,23925.24,-50.5,0,10.5,133,26534.09,-48.0,0,8.1,151,28420.38,-44.5,0,9.9,247,31115.94
2026-10-08T10:00,23.2,96,3.0,75,1010.0,24.3,86,9.8,85,93.00,22.9,90,11.3,86,315.00,21.1,93,12.2,85,541.00,20.0,89,13.5,84,773.00,18.7,86,15.0,84,1009.00,15.9,91,13.0,91,1499.00,13.9,90,5.7,131,2013.00,11.5,87,5.1,183,2557.00,8.1,91,13.8,247,3131.00,5.5,89,13.4,255,3741.00,1.7,95,16.8,272,4393.00,-1.4,96,19.6,264,5091.00,-5.1,96,18.1,270,5847.00,-9.4,95,26.1,263,6668.51,-14.6,98,26.4,253,7570.37,-21.4,100,23.5,231,8569.23,-29.5,100,26.1,226,9688.71,-40.0,100,31.1,234,10960.00,-53.5,98,39.7,236,12437.21,-67.0,69,46.3,290,14229.85,-77.0,60,17.5,231,16612.50,-69.0,7,18.7,290,18688.53,-63.5,4,2.6,180,20724.14,-59.0,0,7.8,175,22111.11,-56.0,0,5.6,216,23925.24,-51.5,0,10.1,130,26534.09,-47.5,0,9.3,155,28420.38,-44.0,0,12.3,267,31115.94
2026-10-08T11:00,23.1,96,1.2,90,1010.6,24.1,87,7.4,87,98.00,22.9,87,9.1,82,320.00,21.4,86,10.9,79,547.00,20.0,86,12.5,77,778.00,18.5,88,13.8,76,1014.00,15.7,95,10.1,90,1504.00,13.5,95,4.9,174,2018.00,11.2,88,6.6,219,2561.00,8.5,87,15.0,230,3136.00,5.3,92,13.6,232,3746.00,1.5,98,11.0,270,4397.00,-1.2,97,15.8,255,5096.00,-4.9,97,19.7,247,5851.00,-9.4,97,18.0,232,6672.93,-14.6,98,17.4,222,7575.31,-21.4,100,19.4,217,8573.43,-29.5,100,25.7,229,9691.94,-40.0,100,25.9,233,10965.72,-53.5,100,32.2,230,12444.19,-67.0,80,46.1,287,14235.82,-77.0,53,18.9,239,16612.50,-69.5,7,19.1,294,18699.45,-63.5,4,3.3,191,20724.14,-59.0,0,7.2,175,22111.11,-55.5,0,3.3,191,23925.24,-51.5,0,10.5,137,26545.46,-47.5,0,8.0,166,28433.12,-43.5,0,13.0,273,31130.44
2026-10-08T12:00,23.0,97,1.2,51,1011.4,23.7,88,7.1,81,105.00,22.2,88,9.0,74,326.00,20.8,88,10.4,71,552.00,19.6,89,12.2,68,783.00,18.4,91,13.0,70,1020.00,16.1,95,7.9,88,1509.00,13.5,94,4.3,198,2024.00,11.2,89,7.7,231,2567.00,8.5,88,13.6,213,3141.00,5.2,88,10.9,205,3752.00,1.5,98,8.5,231,4402.00,-1.4,99,11.3,257,5101.00,-5.1,97,11.2,260,5857.00,-9.4,97,8.7,222,6678.45,-14.6,98,11.9,241,7580.25,-21.0,95,11.6,243,8579.02,-30.0,100,33.2,237,9700.00,-40.5,100,30.5,232,10969.53,-53.0,75,32.8,240,12448.84,-67.5,80,45.6,281,14241.79,-76.0,47,21.8,240,16616.67,-71.0,11,22.6,297,18704.92,-63.0,4,5.1,140,20731.04,-58.5,0,5.3,166,22119.05,-54.5,0,2.0,162,23943.93,-52.0,0,9.2,141,26556.82,-47.5,0,7.8,175,28445.86,-43.5,0,11.0,270,31144.93
2026-10-08T13:00,23.3,95,3.6,54,1012.1,23.6,87,10.6,73,111.00,21.8,91,11.9,69,332.00,20.8,88,13.2,67,558.00,19.7,89,13.8,68,789.00,18.6,90,12.6,72,1025.00,16.3,92,5.0,99,1515.00,13.9,89,7.1,220,2030.00,11.1,89,11.8,223,2574.00,7.9,96,15.0,214,3148.00,5.7,85,5.7,228,3758.00,1.8,98,15.8,252,4410.00,-1.4,99,22.1,248,5108.00,-5.1,96,23.2,243,5864.00,-9.4,92,13.0,243,6686.19,-14.6,90,21.2,230,7588.89,-21.8,100,28.9,228,8587.41,-30.0,100,33.8,238,9704.84,-40.0,58,36.5,237,10975.24,-53.0,68,34.2,241,12455.81,-67.5,100,43.4,284,14247.76,-76.0,43,24.3,245,16629.17,-71.0,11,18.3,302,18710.38,-62.5,0,5.1,140,20737.93,-58.0,0,5.2,187,22134.92,-54.0,0,2.7,104,23962.62,-52.0,0,11.1,144,26568.18,-47.5,0,6.7,151,28458.60,-42.5,0,10.4,277,31159.42
2026-10-08T14:00,23.9,93,4.8,58,1012.4,23.8,86,12.2,70,114.00,21.9,92,13.6,69,335.00,20.3,95,13.6,69,561.00,19.6,92,12.6,72,792.00,18.5,92,9.6,75,1028.00,16.4,92,2.2,96,1518.00,13.9,91,6.2,236,2033.00,10.9,98,11.2,224,2576.00,8.4,100,16.6,216,3151.00,5.2,93,10.4,208,3761.00,2.0,100,18.9,217,4413.00,-1.4,100,20.7,216,5112.00,-4.9,99,28.0,224,5868.00,-9.4,97,32.1,227,6689.50,-15.0,97,29.0,230,7591.36,-21.0,93,28.3,233,8590.21,-29.5,80,34.5,230,9709.68,-40.0,51,35.4,239,10980.95,-53.0,53,34.9,248,12462.79,-67.0,71,36.0,278,14253.73,-76.5,50,27.5,255,16633.33,-70.5,11,14.4,306,18710.38,-61.5,0,3.8,149,20744.83,-58.0,0,4.7,196,22142.86,-54.5,0,3.2,90,23971.97,-52.0,0,13.1,147,26579.55,-46.5,0,7.9,145,28458.60,-42.5,0,13.9,281,31188.41
2026-10-08T15:00,23.5,95,4.0,55,1012.5,23.5,90,11.5,74,115.00,21.7,96,12.4,73,336.00,20.3,97,11.1,75,562.00,19.4,95,8.8,81,792.00,18.4,94,5.9,92,1029.00,16.1,95,3.1,162,1519.00,13.2,99,6.8,203,2033.00,11.1,100,12.8,205,2575.00,8.8,100,16.4,211,3151.00,5.7,100,16.2,214,3763.00,1.8,100,22.2,224,4414.00,-1.2,99,27.6,230,5113.00,-4.9,97,28.5,229,5869.00,-9.4,97,27.1,228,6690.61,-15.3,100,29.0,230,7592.59,-21.4,100,32.2,236,8590.21,-29.5,60,33.5,229,9709.68,-40.0,47,37.4,244,10982.86,-52.5,58,43.4,253,12465.12,-66.5,77,38.9,281,14259.70,-76.5,53,25.3,257,16633.33,-69.5,7,12.1,306,18715.85,-61.5,0,4.6,188,20758.62,-58.5,0,7.9,189,22150.79,-55.5,0,7.0,68,23971.97,-50.5,0,12.8,150,26579.55,-45.0,0,4.6,188,28484.08,-44.0,0,10.4,274,31202.90
2026-10-08T16:00,23.6,95,4.1,41,1012.6,23.2,94,9.5,59,115.00,21.5,98,9.9,61,337.00,20.5,95,7.7,61,562.00,19.5,95,4.6,65,793.00,18.6,92,1.4,129,1029.00,15.9,95,8.9,208,1520.00,13.5,100,15.7,212,2034.00,11.1,100,17.7,233,2577.00,8.4,98,22.7,232,3151.00,5.5,99,28.6,225,3762.00,2.0,99,30.3,227,4414.00,-1.4,99,30.8,233,5113.00,-4.9,97,31.0,233,5869.00,-9.4,97,29.8,226,6691.71,-14.6,93,30.1,233,7592.59,-21.0,89,30.1,242,8593.01,-29.5,92,29.0,231,9711.29,-40.0,89,36.5,245,10984.76,-52.5,73,43.2,244,12465.12,-67.0,83,36.3,272,14262.69,-76.5,53,27.3,266,16637.50,-70.0,7,9.9,302,18721.31,-61.0,0,5.2,180,20758.62,-59.0,0,8.2,198,22150.79,-55.0,0,8.4,67,23971.97,-50.0,0,11.1,159,26590.91,-46.0,0,6.0,167,28484.08,-43.5,0,8.0,256,31202.90
2026-10-08T17:00,23.5,96,4.2,34,1012.5,22.9,96,9.6,45,114.00,21.4,99,10.4,47,335.00,20.2,99,9.3,50,561.00,19.0,99,6.5,53,791.00,18.0,98,2.7,66,1027.00,15.7,99,7.4,214,1516.00,13.6,99,14.4,208,2031.00,11.3,100,17.5,210,2574.00,8.8,100,20.4,210,3149.00,5.3,99,21.9,211,3761.00,2.0,98,23.1,216,4411.00,-1.0,97,26.8,235,5111.00,-4.9,96,27.2,232,5867.00,-9.2,95,26.6,229,6690.61,-14.6,98,24.4,230,7592.59,-21.4,100,22.3,234,8591.61,-29.5,100,25.7,221,9711.29,-40.0,100,31.6,224,10984.76,-53.0,85,42.6,244,12467.44,-66.5,74,37.6,269,14262.69,-76.5,50,27.9,266,16633.33,-71.0,11,10.7,295,18715.85,-60.5,0,8.4,176,20751.73,-58.0,0,7.2,207,22150.79,-55.5,0,6.1,72,23971.97,-50.0,0,10.7,155,26590.91,-46.0,0,7.6,160,28484.08,-43.5,0,10.2,252,31202.90
2026-10-08T18:00,23.8,95,6.2,41,1011.8,23.0,94,13.9,46,108.00,21.2,100,15.1,48,329.00,20.0,97,12.9,54,555.00,19.3,96,8.7,63,785.00,18.5,94,3.4,82,1021.00,16.1,96,6.9,197,1511.00,13.7,99,12.2,202,2026.00,11.3,100,16.9,222,2570.00,8.2,92,18.4,217,3144.00,5.7,89,22.4,228,3755.00,2.2,99,24.6,237,4407.00,-1.0,100,23.0,235,5107.00,-5.1,96,26.4,239,5863.00,-9.2,95,26.3,232,6686.19,-14.3,97,23.1,232,7588.89,-21.0,100,23.4,228,8587.41,-29.0,100,24.6,215,9708.06,-39.5,100,26.3,218,10980.95,-52.5,63,40.4,254,12462.79,-67.0,74,41.3,261,14259.70,-76.5,53,29.3,264,16629.17,-72.0,11,9.6,298,18710.38,-61.0,0,9.8,188,20744.83,-59.0,0,7.6,239,22134.92,-55.5,0,5.2,90,23953.27,-49.5,0,11.6,153,26579.55,-45.5,0,9.0,159,28471.34,-43.5,0,14.8,247,31202.90
2026-10-08T19:00,23.7,94,7.8,44,1011.2,22.9,89,17.0,49,103.00,21.1,96,18.3,51,324.00,19.5,98,16.1,58,549.00,19.0,97,11.3,67,779.00,18.2,97,5.7,83,1015.00,16.1,97,6.2,162,1505.00,13.9,99,11.0,211,2020.00,11.2,99,15.5,221,2563.00,8.4,100,20.9,222,3138.00,5.3,98,19.3,232,3748.00,2.2,96,22.5,228,4401.00,-1.0,99,25.0,229,5101.00,-4.7,97,29.9,229,5858.00,-9.2,95,30.9,231,6680.66,-14.3,97,27.7,233,7583.95,-21.0,100,27.7,233,8584.62,-29.0,100,27.5,223,9704.84,-39.5,93,28.4,223,10979.05,-52.5,58,46.7,260,12460.47,-66.5,43,31.8,269,14259.70,-77.5,63,26.3,260,16625.00,-72.0,11,10.2,305,18699.45,-61.5,0,10.9,197,20737.93,-59.5,0,5.8,270,22126.99,-55.5,0,6.0,103,23943.93,-50.0,0,12.2,155,26568.18,-44.5,0,8.5,189,28458.60,-44.5,0,15.5,237,31188.41
2026-10-08T20:00,23.4,91,8.2,45,1011.2,23.0,83,16.9,55,103.00,21.1,89,19.1,57,323.00,19.5,92,17.3,62,548.00,19.3,91,11.7,72,779.00,18.4,94,6.6,92,1015.00,16.7,93,8.2,164,1505.00,14.1,95,13.4,205,2021.00,11.2,99,22.3,215,2565.00,8.7,100,23.7,224,3140.00,5.3,98,19.2,214,3751.00,2.0,98,29.4,227,4403.00,-1.2,96,28.5,232,5102.00,-4.7,90,28.0,228,5858.00,-8.9,91,27.0,235,6681.77,-14.6,97,25.9,233,7585.19,-21.0,98,24.8,213,8584.62,-29.0,76,27.6,221,9704.84,-40.0,84,32.2,230,10980.95,-52.5,78,44.3,255,12460.47,-66.0,46,46.5,262,14259.70,-77.5,67,28.8,256,16625.00,-72.0,11,10.1,310,18693.99,-62.0,0,12.5,201,20737.93,-59.5,0,6.4,294,22119.05,-56.0,0,6.5,90,23934.58,-49.5,0,13.4,157,26556.82,-44.0,0,10.6,218,28458.60,-44.5,0,16.6,249,31188.41
2026-10-08T21:00,24.7,85,8.7,48,1011.3,23.5,83,17.8,54,104.00,21.5,90,19.6,55,325.00,19.6,98,19.1,58,550.00,18.7,93,14.1,63,780.00,18.2,94,8.3,77,1016.00,16.3,97,7.3,156,1506.00,14.0,96,13.2,206,2021.00,11.5,95,19.9,213,2565.00,8.7,94,21.1,223,3141.00,5.7,95,22.8,232,3752.00,2.0,98,29.3,232,4404.00,-1.4,95,30.1,229,5103.00,-4.9,87,32.1,228,5859.00,-9.7,91,29.8,228,6680.66,-14.3,93,23.8,223,7582.72,-20.6,89,26.2,228,8583.22,-29.0,88,30.9,231,9706.45,-40.0,89,31.9,232,10980.95,-52.5,78,47.0,258,12462.79,-66.0,51,40.9,266,14259.70,-77.5,63,26.2,261,16625.00,-71.0,11,6.9,311,18693.99,-63.0,4,15.3,216,20737.93,-60.0,0,8.8,324,22119.05,-56.0,0,8.4,94,23934.58,-48.5,0,9.9,169,26556.82,-44.5,0,10.2,235,28471.34,-44.0,0,16.8,247,31173.92
2026-10-08T22:00,24.1,87,8.0,49,1011.5,23.8,81,18.5,54,106.00,21.8,89,20.1,56,327.00,19.8,99,19.6,60,553.00,18.4,100,16.0,68,783.00,18.1,94,10.7,84,1019.00,16.3,97,8.2,147,1508.00,14.0,96,13.9,195,2024.00,11.3,95,19.8,207,2568.00,8.5,97,22.8,213,3143.00,5.7,96,19.9,216,3754.00,2.0,98,22.8,226,4407.00,-1.6,96,25.8,232,5105.00,-5.1,90,27.6,231,5860.00,-9.7,92,27.5,227,6681.77,-14.6,95,25.2,228,7582.72,-21.0,100,25.7,223,8583.22,-29.0,86,29.3,227,9704.84,-39.5,73,30.9,237,10979.05,-52.5,73,49.2,254,12462.79,-66.5,86,42.4,276,14256.72,-77.0,57,27.4,263,16625.00,-69.5,7,5.8,297,18704.92,-64.0,4,13.3,227,20744.83,-59.5,0,9.8,352,22119.05,-55.5,0,10.1,105,23934.58,-48.5,0,6.6,191,26556.82,-45.5,0,7.6,239,28471.34,-43.0,0,17.7,246,31188.41
2026-10-08T23:00,24.1,87,9.7,50,1012.1,23.7,81,20.4,56,111.00,21.8,89,22.0,58,333.00,19.8,98,21.1,62,558.00,18.4,100,17.5,70,788.00,17.7,100,12.5,87,1024.00,16.2,98,8.5,144,1513.00,14.1,96,14.1,200,2029.00,11.3,97,20.7,213,2573.00,8.4,99,23.5,217,3148.00,5.5,99,21.1,219,3759.00,2.0,99,19.2,218,4411.00,-1.9,99,23.0,225,5110.00,-5.6,97,24.3,222,5864.00,-9.7,94,24.9,219,6685.08,-14.6,97,23.9,221,7586.42,-21.0,96,26.2,222,8586.01,-29.0,84,30.3,223,9708.06,-39.5,100,33.7,232,10982.86,-53.0,100,43.0,252,12465.12,-65.5,51,45.5,281,14256.72,-76.5,53,26.0,267,16629.17,-69.5,7,3.8,301,18715.85,-63.5,4,11.9,241,20751.73,-59.0,0,9.1,4,22134.92,-56.0,0,10.1,105,23953.27,-48.5,0,2.3,146,26579.55,-46.0,0,7.8,246,28484.08,-43.0,0,17.4,248,31188.41
2026-10-09T00:00,24.1,85,10.1,54,1012.6,23.9,80,21.2,60,115.00,21.9,87,23.0,61,336.00,19.9,97,22.4,63,562.00,18.4,100,20.0,68,792.00,17.8,99,14.7,80,1028.00,16.1,100,10.0,130,1517.00,13.9,99,13.6,188,2032.00,11.3,99,19.0,210,2576.00,8.4,100,21.9,216,3151.00,5.5,99,22.5,219,3762.00,2.0,100,20.1,213,4414.00,-1.9,99,21.0,212,5112.00,-5.4,97,24.5,217,5867.00,-9.7,97,27.0,215,6688.40,-14.6,97,27.3,216,7590.12,-21.0,100,28.0,220,8588.81,-29.0,88,32.2,220,9711.29,-40.0,100,34.9,228,10986.67,-53.5,100,35.1,247,12465.12,-65.5,43,38.4,264,14259.70,-75.5,43,25.3,269,16633.33,-69.5,7,2.3,236,18726.78,-64.0,4,9.1,270,20758.62,-59.0,0,9.6,42,22142.86,-55.5,0,11.1,111,23962.62,-49.0,0,3.2,90,26590.91,-46.5,0,5.6,234,28484.08,-43.5,0,19.9,251,31202.90
2026-10-09T01:00,24.0,87,10.6,59,1012.7,24.1,80,22.7,64,117.00,22.1,88,24.6,65,338.00,20.0,97,24.3,67,564.00,18.5,100,22.9,70,794.00,17.6,100,17.3,83,1030.00,16.1,100,13.0,129,1519.00,14.0,100,15.4,180,2034.00,11.3,100,19.5,205,2578.00,8.5,98,21.5,211,3153.00,5.5,96,21.1,214,3764.00,2.2,98,20.2,209,4416.00,-1.6,99,24.0,206,5116.00,-5.4,97,25.0,211,5871.00,-9.4,95,26.6,214,6692.82,-14.6,95,28.5,210,7595.06,-21.0,100,29.0,220,8594.41,-29.0,88,31.6,224,9714.52,-40.0,69,33.4,234,10990.48,-52.5,55,39.1,241,12469.77,-66.0,57,35.7,272,14265.67,-76.0,50,24.6,270,16645.83,-70.0,7,4.1,252,18726.78,-63.5,4,7.9,279,20765.52,-58.5,0,11.5,74,22150.79,-54.5,0,10.5,112,23971.97,-50.0,0,5.9,96,26602.27,-45.5,0,6.0,221,28496.82,-43.5,0,17.9,257,31217.39
2026-10-09T02:00,23.8,90,11.0,63,1012.9,23.7,84,23.9,68,118.00,21.8,91,26.1,69,339.00,19.9,99,26.0,70,565.00,18.4,100,24.9,73,795.00,17.7,100,19.4,89,1030.00,16.3,100,16.1,129,1520.00,14.1,100,17.2,167,2036.00,11.5,99,21.2,199,2580.00,8.5,99,22.5,203,3155.00,5.5,98,23.4,206,3767.00,2.2,99,24.1,206,4419.00,-1.4,99,25.6,206,5118.00,-5.1,97,25.2,209,5873.00,-9.4,97,25.2,215,6695.03,-14.6,98,27.3,211,7597.53,-21.0,96,27.5,214,8597.20,-29.0,82,30.3,223,9717.74,-40.0,78,31.9,241,10992.38,-52.5,50,37.9,237,12472.09,-66.0,49,33.7,259,14271.64,-76.0,50,23.3,270,16645.83,-70.0,7,5.2,240,18732.24,-63.5,4,7.2,297,20765.52,-58.5,0,12.6,102,22150.79,-54.0,0,9.9,122,23971.97,-49.5,0,7.4,105,26613.64,-45.5,0,5.1,230,28509.55,-43.5,0,16.3,265,31231.89
2026-10-09T03:00,23.5,95,8.7,70,1012.8,23.3,90,20.3,72,117.00,21.5,97,22.4,72,338.00,20.0,100,22.4,74,564.00,18.7,100,20.5,81,795.00,18.2,100,18.1,99,1031.00,16.3,100,16.7,134,1521.00,14.3,100,17.1,164,2037.00,11.9,99,20.7,186,2582.00,9.0,99,24.1,196,3158.00,5.8,98,25.2,198,3770.00,2.2,98,25.0,197,4422.00,-1.4,97,24.5,195,5121.00,-5.1,97,24.0,199,5876.00,-9.4,95,24.7,210,6697.24,-14.6,97,25.0,211,7600.00,-21.4,100,23.2,203,8597.20,-29.0,86,28.6,213,9717.74,-40.0,60,27.1,228,10992.38,-52.5,88,38.3,242,12474.42,-64.5,34,32.9,234,14274.63,-76.0,50,22.8,275,16645.83,-70.5,7,10.1,220,18732.24,-63.0,4,6.1,288,20765.52,-59.0,0,11.2,100,22150.79,-53.5,0,9.7,127,23971.97,-49.5,0,6.1,108,26613.64,-45.0,0,3.5,248,28509.55,-44.0,0,13.0,273,31231.89
2026-10-09T04:00,23.9,96,6.2,95,1012.5,23.4,97,15.4,99,115.00,22.1,100,18.3,99,336.00,21.0,100,20.7,99,563.00,19.9,100,21.9,101,794.00,18.7,100,22.7,107,1031.00,16.7,99,23.3,129,1521.00,14.1,99,23.7,163,2037.00,11.6,98,22.5,190,2581.00,8.8,98,21.1,205,3156.00,5.5,98,22.0,208,3767.00,2.0,99,21.7,207,4419.00,-1.4,99,20.7,207,5117.00,-5.1,97,20.6,208,5872.00,-9.4,97,21.0,214,6695.03,-15.0,100,21.0,214,7596.30,-21.0,100,18.1,195,8594.41,-29.0,82,25.8,219,9716.13,-39.5,47,30.9,237,10990.48,-53.0,93,30.9,250,12472.09,-65.5,49,33.0,227,14268.66,-76.0,50,21.4,273,16641.67,-70.0,7,12.8,225,18726.78,-63.5,4,5.2,300,20765.52,-59.5,0,9.2,98,22142.86,-54.0,0,10.1,135,23962.62,-49.5,0,7.8,95,26590.91,-44.5,0,2.0,252,28496.82,-44.0,0,13.6,267,31217.39
2026-10-09T05:00,23.9,95,3.6,106,1012.3,23.9,93,14.2,111,113.00,22.4,97,16.2,115,335.00,21.3,98,17.3,120,561.00,20.2,99,18.4,125,793.00,19.2,99,19.1,132,1030.00,17.0,99,18.8,147,1521.00,14.3,99,16.1,172,2037.00,11.2,99,17.6,212,2580.00,8.4,99,20.7,222,3155.00,5.3,99,23.0,214,3765.00,1.8,99,24.2,211,4416.00,-1.4,99,24.1,212,5114.00,-5.1,97,22.3,216,5869.00,-9.4,97,20.5,215,6690.61,-15.0,100,18.8,207,7592.59,-21.0,95,18.2,186,8591.61,-29.0,80,20.2,220,9711.29,-39.5,38,29.3,223,10988.57,-53.0,80,30.4,236,12469.77,-67.0,86,38.6,221,14265.67,-75.0,43,22.2,277,16637.50,-71.0,11,13.0,233,18726.78,-63.5,4,2.9,297,20751.73,-59.5,0,10.5,112,22134.92,-55.0,0,9.2,135,23953.27,-48.0,0,5.2,97,26590.91,-45.5,0,5.6,216,28496.82,-45.5,0,11.0,273,31188.41
2026-10-09T06:00,24.0,94,4.3,72,1012.6,24.3,89,13.9,110,116.00,22.6,93,14.2,120,338.00,21.3,95,14.4,130,564.00,19.9,97,14.3,141,796.00,18.6,98,14.4,156,1032.00,16.4,98,13.4,194,1523.00,14.0,96,14.0,221,2038.00,11.1,96,20.2,230,2581.00,8.1,93,23.5,223,3155.00,5.2,91,24.2,218,3765.00,1.7,90,24.6,213,4416.00,-1.6,91,22.3,214,5114.00,-5.4,93,20.2,220,5869.00,-9.4,92,19.1,208,6690.61,-14.6,87,20.0,205,7592.59,-21.4,93,20.7,194,8591.61,-29.5,90,19.8,218,9709.68,-39.5,76,28.0,214,10984.76,-52.0,43,32.6,229,12469.77,-67.5,86,32.6,239,14265.67,-74.5,37,16.8,270,16637.50,-71.5,11,12.5,249,18721.31,-63.5,4,2.9,27,20744.83,-59.0,0,12.4,129,22126.99,-54.5,0,9.0,159,23953.27,-48.0,0,5.9,96,26579.55,-47.0,0,6.0,193,28484.08,-44.0,0,15.0,277,31188.41
2026-10-09T07:00,23.6,95,2.8,65,1012.4,24.6,87,10.9,92,114.00,23.0,91,10.0,99,337.00,21.4,93,8.0,115,563.00,19.9,95,6.6,136,795.00,18.5,98,6.7,170,1031.00,16.1,97,12.1,232,1521.00,13.9,93,15.9,236,2036.00,11.5,91,20.7,225,2580.00,8.7,89,23.8,219,3155.00,5.5,84,24.9,216,3766.00,2.2,74,24.1,215,4417.00,-1.4,76,23.1,221,5116.00,-5.1,77,23.5,219,5870.00,-9.4,77,22.7,217,6691.71,-14.6,67,20.0,209,7593.83,-21.8,84,24.8,200,8591.61,-29.5,100,19.2,213,9709.68,-39.5,56,27.9,211,10984.76,-52.5,55,31.2,227,12467.44,-67.0,63,31.4,252,14265.67,-74.5,40,14.9,268,16633.33,-72.0,11,11.1,249,18715.85,-63.0,4,4.1,39,20737.93,-58.5,0,11.1,144,22126.99,-55.0,0,6.5,174,23943.93,-48.0,0,7.9,125,26579.55,-47.5,0,6.5,217,28484.08,-43.5,0,13.0,267,31173.92
2026-10-09T08:00,23.0,96,2.5,302,1012.3,24.4,86,5.6,20,113.00,22.8,90,4.3,28,335.00,21.2,93,2.5,48,562.00,19.9,95,1.2,135,793.00,18.5,98,2.7,189,1030.00,16.2,96,7.8,235,1520.00,14.4,91,13.0,227,2035.00,11.8,88,18.7,220,2580.00,9.0,84,20.6,223,3155.00,5.8,79,21.9,220,3767.00,2.0,74,22.8,216,4418.00,-1.0,68,24.2,214,5117.00,-4.9,67,23.9,213,5872.00,-9.7,66,23.8,209,6693.92,-15.0,63,19.1,208,7593.83,-21.4,55,23.0,202,8591.61,-29.5,100,18.9,202,9708.06,-39.5,73,25.2,215,10980.95,-52.5,55,33.0,225,12465.12,-67.0,69,30.5,246,14262.69,-74.5,37,13.6,267,16629.17,-71.5,11,10.9,253,18704.92,-62.0,0,1.4,63,20731.04,-59.0,0,9.4,164,22126.99,-54.5,0,0.9,225,23943.93,-49.5,0,8.7,132,26579.55,-48.5,0,4.7,214,28471.34,-43.5,0,10.4,270,31159.42
2026-10-09T09:00,23.0,96,5.7,338,1012.5,23.4,90,15.6,9,114.00,21.9,95,15.4,17,335.00,20.6,98,9.2,27,561.00,19.8,96,2.2,101,792.00,18.7,95,3.4,180,1029.00,16.8,91,8.2,213,1520.00,14.6,86,14.6,219,2036.00,12.2,83,16.7,224,2581.00,9.0,83,17.8,224,3157.00,5.5,75,19.7,221,3768.00,2.4,58,21.9,214,4419.00,-0.8,51,24.5,211,5119.00,-4.9,46,27.6,210,5874.00,-10.0,52,24.6,207,6693.92,-15.0,47,20.9,206,7593.83,-21.4,45,20.7,200,8591.61,-30.0,94,24.6,198,9708.06,-39.5,89,23.9,213,10980.95,-52.5,70,32.6,227,12465.12,-67.0,77,35.4,246,14262.69,-75.5,43,12.4,264,16629.17,-72.5,15,13.1,250,18704.92,-62.0,0,1.9,180,20731.04,-58.5,0,5.8,180,22119.05,-54.0,0,4.1,72,23943.93,-49.0,0,9.0,111,26568.18,-48.0,0,7.6,211,28458.60,-43.0,0,13.0,270,31159.42
2026-10-09T10:00,23.2,95,7.8,1,1012.6,23.2,91,20.0,19,115.00,21.5,98,19.2,24,336.00,20.4,99,11.4,31,562.00,19.9,94,4.0,61,793.00,19.4,88,3.6,184,1030.00,17.4,84,10.6,211,1522.00,15.0,82,12.8,221,2038.00,12.2,82,13.8,222,2584.00,8.8,81,15.4,222,3160.00,5.7,61,18.2,217,3770.00,2.6,48,21.4,212,4421.00,-0.8,44,26.4,211,5121.00,-4.9,44,29.3,211,5876.00,-10.2,49,26.4,208,6696.13,-15.3,43,20.0,205,7593.83,-21.4,33,24.0,194,8591.61,-30.0,62,23.8,202,9708.06,-40.0,84,27.3,211,10980.95,-52.5,68,27.0,224,12465.12,-67.0,77,26.5,248,14262.69,-76.5,53,11.2,260,16633.33,-72.5,15,15.0,265,18704.92,-63.0,4,1.8,135,20731.04,-58.5,0,5.5,159,22119.05,-53.5,0,7.8,85,23943.93,-49.5,0,6.5,127,26579.55,-49.0,0,7.9,215,28471.34,-42.0,0,11.7,270,31173.92
2026-10-09T11:00,23.5,94,8.6,8,1013.1,23.5,90,20.8,19,120.00,21.7,97,20.4,22,341.00,20.4,99,14.4,26,567.00,19.9,94,5.2,42,798.00,19.4,87,3.2,188,1035.00,17.0,86,9.9,215,1526.00,14.6,85,11.1,219,2043.00,11.8,84,12.3,221,2587.00,8.7,77,14.0,220,3162.00,5.7,54,17.5,214,3772.00,2.4,45,22.3,207,4423.00,-1.0,47,28.0,208,5122.00,-4.9,40,29.9,210,5877.00,-10.0,38,27.3,208,6697.24,-15.3,35,23.4,199,7595.06,-21.4,22,26.1,194,8591.61,-29.5,32,21.5,205,9709.68,-40.0,67,28.6,213,10980.95,-52.0,63,32.3,232,12465.12,-67.0,86,28.1,251,14265.67,-76.0,50,11.6,243,16637.50,-72.5,15,13.9,281,18710.38,-63.0,4,3.8,121,20737.93,-58.5,0,5.5,159,22126.99,-53.0,0,9.1,86,23953.27,-50.5,0,5.2,150,26590.91,-49.0,0,6.1,198,28458.60,-42.0,0,11.8,261,31173.92
2026-10-09T12:00,24.0,93,7.4,3,1013.4,24.2,88,17.4,16,123.00,22.3,95,16.6,17,344.00,20.7,98,12.1,18,571.00,20.2,91,3.6,17,802.00,19.2,88,4.5,204,1039.00,17.1,83,10.5,213,1530.00,14.6,83,11.2,215,2047.00,11.9,79,12.3,219,2591.00,9.0,64,14.0,220,3167.00,5.5,54,17.5,214,3777.00,2.2,48,23.7,204,4427.00,-1.0,48,27.8,202,5126.00,-4.7,34,28.4,207,5882.00,-10.0,35,26.7,203,6701.66,-15.6,32,25.3,203,7600.00,-22.2,31,31.1,203,8594.41,-29.5,14,21.2,203,9711.29,-39.5,53,25.9,212,10984.76,-52.5,80,25.5,216,12467.44,-66.5,77,26.7,256,14268.66,-76.5,53,13.6,245,16637.50,-72.0,15,12.6,282,18710.38,-62.5,0,3.3,101,20744.83,-58.5,0,5.1,140,22134.92,-54.0,0,7.1,90,23962.62,-52.0,0,6.5,127,26579.55,-47.5,0,0.6,180,28458.60,-42.0,0,15.3,258,31173.92
2026-10-09T13:00,25.9,85,5.1,358,1013.8,24.9,84,11.0,14,126.00,23.0,90,10.3,17,348.00,21.4,92,6.1,22,575.00,20.8,85,1.6,146,807.00,19.8,81,6.9,189,1044.00,17.5,79,9.6,199,1536.00,15.0,77,9.9,202,2053.00,12.5,68,11.0,209,2598.00,9.3,58,13.2,216,3174.00,5.7,54,16.7,215,3784.00,2.2,51,24.5,203,4435.00,-1.4,56,28.1,201,5133.00,-5.4,46,27.9,202,5887.00,-10.0,45,26.5,202,6707.18,-15.6,40,28.1,206,7604.94,-22.2,44,31.9,209,8600.00,-29.5,16,26.4,211,9716.13,-40.0,47,25.8,208,10990.48,-52.5,93,24.8,213,12474.42,-66.5,71,24.8,255,14274.63,-77.0,57,14.6,238,16645.83,-70.5,11,9.1,274,18721.31,-63.0,4,3.9,90,20758.62,-58.5,0,2.6,180,22142.86,-54.5,0,11.0,87,23971.97,-52.5,0,8.4,122,26579.55,-46.5,0,2.7,45,28458.60,-42.0,0,16.7,257,31188.41
2026-10-09T14:00,27.7,75,2.1,22,1014.1,25.5,80,3.5,34,129.00,23.6,86,2.7,54,352.00,22.5,82,3.1,143,579.00,21.5,77,7.9,172,811.00,20.2,76,9.7,179,1049.00,17.6,75,9.7,190,1541.00,15.2,72,10.2,197,2058.00,12.3,65,11.2,205,2603.00,9.0,61,12.8,213,3178.00,5.5,58,16.8,213,3789.00,2.4,53,25.6,201,4439.00,-1.2,52,28.1,201,5138.00,-5.4,53,29.1,201,5892.00,-10.2,57,27.1,201,6711.60,-15.6,42,28.7,208,7609.88,-21.8,40,30.8,210,8605.60,-29.5,58,27.9,216,9722.58,-39.5,31,25.0,211,10998.10,-52.0,100,23.1,218,12481.40,-66.5,60,23.5,246,14283.58,-77.0,60,13.7,239,16654.17,-70.5,11,6.6,281,18726.78,-62.5,0,4.5,90,20758.62,-57.0,0,2.9,117,22158.73,-55.0,0,10.1,105,23990.66,-52.5,0,7.4,105,26590.91,-45.5,0,3.8,121,28471.34,-42.5,0,13.9,259,31202.90
2026-10-09T15:00,29.7,64,2.9,143,1014.3,26.4,74,3.7,152,131.00,24.5,78,5.1,162,355.00,22.8,82,6.3,163,582.00,21.1,83,8.3,166,815.00,20.1,76,10.7,174,1052.00,17.6,72,10.1,181,1544.00,15.0,70,10.3,187,2061.00,12.0,66,11.0,197,2605.00,8.7,66,11.8,205,3180.00,5.3,59,16.4,205,3790.00,2.6,51,25.4,197,4441.00,-1.2,51,28.4,199,5140.00,-5.1,53,28.9,200,5894.00,-10.2,66,28.3,200,6713.81,-15.3,50,26.7,209,7612.35,-21.4,44,32.6,211,8608.39,-29.5,54,32.2,214,9727.42,-39.5,20,24.1,207,11000.00,-52.0,100,24.4,220,12486.05,-66.0,69,26.1,243,14286.57,-77.0,60,19.2,225,16662.50,-71.0,11,7.4,285,18732.24,-61.0,0,7.8,132,20765.52,-57.5,0,3.3,101,22158.73,-55.0,0,10.4,94,23990.66,-51.5,0,8.8,126,26602.27,-44.5,0,5.3,166,28496.82,-42.0,0,9.1,274,31231.89
2026-10-09T16:00,31.0,57,5.0,141,1014.3,27.5,66,7.0,146,131.00,25.4,71,7.8,159,355.00,23.5,76,8.5,164,584.00,21.5,82,9.1,168,817.00,19.6,87,9.4,169,1054.00,17.7,69,11.1,177,1546.00,15.2,67,11.1,184,2063.00,12.0,66,11.3,191,2607.00,8.7,68,11.9,196,3182.00,5.2,59,17.1,201,3792.00,2.2,53,24.7,199,4442.00,-1.2,51,27.2,199,5140.00,-5.4,57,28.1,199,5894.00,-10.2,69,28.1,199,6713.81,-15.3,57,26.4,205,7612.35,-21.0,45,31.3,204,8609.79,-29.5,38,35.6,217,9729.03,-39.5,22,25.9,212,11001.91,-51.5,95,23.6,217,12488.37,-66.0,57,23.9,229,14289.55,-78.0,67,19.3,228,16662.50,-71.0,11,3.9,261,18737.71,-62.0,0,7.9,145,20765.52,-57.5,0,2.3,56,22158.73,-55.5,0,12.3,108,23990.66,-51.0,0,7.2,117,26602.27,-44.0,0,4.3,153,28496.82,-41.5,0,8.7,243,31246.38
2026-10-09T17:00,31.8,53,6.0,135,1013.9,27.9,65,8.9,136,128.00,26.1,67,8.9,152,352.00,24.4,71,8.9,165,581.00,22.3,77,9.2,172,815.00,20.2,84,9.3,176,1053.00,16.9,83,10.1,177,1544.00,15.3,65,11.4,184,2061.00,12.3,64,11.4,186,2606.00,8.7,67,12.0,193,3181.00,5.2,56,17.2,198,3790.00,1.8,58,24.0,197,4440.00,-1.6,55,25.8,197,5138.00,-5.4,59,26.7,194,5892.00,-10.2,69,26.3,196,6711.60,-15.0,55,28.1,199,7611.11,-21.0,47,32.2,208,8609.79,-29.5,38,34.3,216,9729.03,-39.5,22,27.3,211,11000.00,-51.5,75,23.2,216,12488.37,-65.5,46,20.9,216,14289.55,-79.0,80,18.2,215,16666.67,-71.5,11,9.3,282,18732.24,-62.5,0,9.9,157,20765.52,-58.0,0,2.0,72,22150.79,-55.0,0,12.8,120,23971.97,-49.5,0,9.3,102,26590.91,-43.0,0,8.4,176,28509.55,-42.0,0,9.9,247,31246.38
2026-10-09T18:00,31.9,52,7.7,131,1013.3,27.8,65,12.2,129,123.00,26.3,66,11.0,142,347.00,24.7,68,10.0,157,576.00,22.8,74,9.2,166,810.00,20.7,82,9.1,173,1048.00,16.9,85,9.4,177,1540.00,15.4,63,11.4,177,2056.00,12.5,62,11.4,183,2601.00,9.0,61,12.6,191,3177.00,5.3,53,17.7,199,3787.00,1.8,59,22.6,197,4437.00,-1.6,57,25.4,193,5134.00,-5.6,61,25.2,192,5888.00,-10.5,78,25.3,193,6707.18,-15.0,58,27.9,198,7606.17,-21.0,45,33.4,209,8605.60,-29.5,42,35.1,205,9724.19,-40.0,49,27.7,217,10996.19,-51.5,63,22.7,217,12483.72,-65.5,51,20.9,206,14283.58,-79.5,93,14.9,214,16658.33,-70.5,11,8.8,306,18726.78,-64.0,4,7.8,185,20758.62,-58.0,0,4.6,82,22142.86,-56.0,0,12.1,126,23962.62,-48.5,0,9.3,115,26579.55,-43.0,0,9.2,188,28496.82,-42.0,0,13.1,250,31231.89
2026-10-09T19:00,31.5,53,8.7,129,1012.6,27.4,66,15.0,132,116.00,26.3,65,13.9,143,340.00,24.6,68,12.3,152,569.00,22.6,74,11.1,159,803.00,20.5,81,10.3,165,1041.00,17.6,75,9.9,176,1534.00,15.6,61,11.4,175,2051.00,12.6,61,11.1,183,2596.00,9.1,56,12.8,195,3172.00,5.5,53,17.5,200,3782.00,1.7,60,22.1,196,4432.00,-2.1,61,25.1,191,5129.00,-5.8,64,24.4,191,5882.00,-10.2,82,25.9,193,6700.55,-14.6,65,28.8,194,7601.23,-20.6,44,33.4,202,8601.40,-29.5,36,35.7,205,9720.97,-39.5,64,25.3,220,10994.29,-51.5,45,24.8,223,12481.40,-66.0,54,22.5,198,14280.60,-78.5,80,13.0,233,16650.00,-71.5,11,8.3,309,18721.31,-63.5,4,7.0,202,20744.83,-58.5,0,4.7,106,22134.92,-55.5,0,9.9,113,23953.27,-48.5,0,7.2,117,26579.55,-43.0,0,11.1,187,28496.82,-42.0,0,11.2,260,31231.89
2026-10-09T20:00,30.8,56,8.4,132,1012.5,27.3,68,15.5,137,116.00,26.0,66,15.1,146,340.00,24.3,69,13.9,152,569.00,22.3,75,12.8,156,802.00,20.3,79,12.1,159,1040.00,17.9,70,10.8,168,1533.00,15.6,60,11.5,169,2050.00,12.6,59,11.4,180,2596.00,9.3,53,13.7,193,3172.00,5.5,53,17.4,199,3782.00,1.5,64,20.9,193,4432.00,-2.3,64,23.9,188,5128.00,-6.1,67,22.8,187,5880.00,-10.0,82,26.4,191,6699.45,-14.3,63,30.0,194,7601.23,-20.6,42,35.3,200,8601.40,-29.5,36,34.2,209,9722.58,-39.5,56,22.5,224,10996.19,-52.0,48,24.8,229,12481.40,-66.0,63,23.8,191,14283.58,-78.5,73,14.7,229,16650.00,-72.0,11,7.6,329,18715.85,-63.5,4,6.7,209,20744.83,-59.0,0,5.3,76,22126.99,-55.5,0,9.9,101,23953.27,-49.5,0,7.4,142,26568.18,-43.0,0,12.5,201,28471.34,-42.0,0,12.5,279,31217.39
2026-10-09T21:00,29.9,62,7.4,135,1012.8,27.3,69,13.9,139,118.00,25.8,70,14.2,148,343.00,24.0,73,13.7,154,571.00,22.0,79,13.1,158,804.00,20.9,72,12.8,166,1042.00,18.3,65,12.5,171,1536.00,15.4,62,12.8,165,2053.00,12.5,58,12.6,176,2598.00,9.1,52,14.2,188,3174.00,5.2,54,16.5,195,3784.00,1.3,66,19.7,189,4433.00,-2.1,65,22.7,187,5129.00,-6.1,69,21.5,187,5882.00,-10.0,85,26.4,191,6700.55,-14.0,60,31.6,195,7602.47,-20.6,49,35.7,202,8602.80,-29.5,34,36.2,207,9724.19,-39.5,44,22.2,218,10998.10,-52.0,50,23.8,223,12483.72,-66.5,66,22.8,185,14283.58,-78.5,73,15.1,227,16654.17,-71.0,11,4.1,342,18721.31,-63.0,4,4.3,243,20744.83,-58.0,0,5.2,83,22142.86,-57.0,0,7.6,70,23953.27,-48.5,0,10.1,130,26556.82,-43.5,0,10.5,202,28471.34,-42.5,0,16.9,272,31202.90
2026-10-09T22:00,28.0,75,6.3,135,1013.2,27.3,72,13.0,140,122.00,25.4,76,14.3,145,346.00,23.8,77,14.1,150,574.00,22.4,76,12.8,162,808.00,20.9,77,11.4,174,1046.00,17.9,78,11.6,186,1539.00,15.2,67,13.2,169,2056.00,12.3,59,13.2,176,2601.00,8.8,58,14.5,187,3176.00,4.7,64,15.9,191,3785.00,1.3,73,19.5,183,4434.00,-1.9,67,21.6,183,5130.00,-5.6,76,20.2,186,5883.00,-9.7,83,26.4,191,6702.76,-14.3,65,33.2,197,7604.94,-21.0,64,33.4,202,8605.60,-29.0,38,35.1,210,9725.81,-39.5,44,22.1,212,11000.00,-51.5,28,24.0,218,12486.05,-66.5,60,23.4,194,14286.57,-78.0,70,14.2,223,16658.33,-71.0,11,2.6,360,18726.78,-62.0,0,2.9,243,20751.73,-59.0,0,7.4,52,22142.86,-56.0,0,9.8,82,23962.62,-48.0,0,10.6,128,26579.55,-44.5,0,11.0,230,28496.82,-43.5,0,16.9,274,31202.90
2026-10-09T23:00,25.4,89,5.6,134,1013.9,26.9,75,16.1,135,128.00,25.4,75,16.3,138,352.00,23.9,74,14.9,141,580.00,22.2,74,13.0,147,813.00,20.5,77,11.5,154,1051.00,17.7,80,9.7,171,1544.00,15.0,72,12.6,170,2061.00,12.0,65,13.8,176,2606.00,8.4,67,14.6,188,3180.00,4.3,79,16.4,183,3789.00,1.1,79,19.9,179,4437.00,-2.1,77,21.0,180,5134.00,-5.6,86,21.0,189,5887.00,-9.7,86,25.8,198,6707.18,-14.6,73,31.8,200,7609.88,-21.0,62,34.2,205,8609.79,-29.0,38,36.5,213,9729.03,-39.5,58,20.7,212,11003.81,-51.5,30,24.4,220,12490.70,-66.5,63,23.6,196,14292.54,-77.5,60,15.1,227,16662.50,-71.0,11,2.3,124,18737.71,-61.0,0,1.8,315,20765.52,-59.5,0,7.2,80,22158.73,-56.0,0,12.6,78,23971.97,-46.5,0,11.9,135,26590.91,-45.0,0,10.9,253,28509.55,-43.5,0,21.2,282,31217.39
2026-10-10T00:00,25.2,92,4.9,119,1014.1,26.7,79,14.9,126,129.00,25.1,81,17.0,127,353.00,23.5,78,16.0,130,581.00,22.3,69,14.1,135,815.00,21.0,67,12.7,141,1053.00,18.1,73,12.2,150,1546.00,15.3,71,13.7,158,2063.00,12.3,65,14.1,174,2608.00,8.4,69,14.7,180,3184.00,5.0,76,18.3,181,3793.00,1.3,79,20.8,179,4442.00,-2.3,85,20.0,182,5139.00,-5.4,84,21.3,200,5892.00,-9.4,72,27.2,205,6713.81,-15.0,70,30.1,208,7614.82,-21.0,53,35.6,207,8612.59,-29.0,30,35.1,210,9732.26,-39.5,51,22.3,206,11007.62,-52.0,50,23.5,219,12493.02,-66.5,66,22.5,198,14292.54,-77.0,53,14.2,223,16666.67,-70.5,11,3.2,143,18743.17,-62.0,0,0.9,45,20779.31,-60.0,0,8.4,94,22166.67,-55.0,0,13.6,87,23981.31,-47.0,0,7.8,132,26613.64,-47.0,0,11.7,270,28522.29,-43.5,0,14.5,297,31217.39
2026-10-10T01:00,24.8,93,4.9,127,1015.2,26.7,79,15.9,126,139.00,24.9,82,17.1,127,363.00,23.4,81,16.4,131,592.00,22.1,73,15.2,139,825.00,20.7,68,14.4,148,1063.00,17.9,73,14.5,159,1555.00,14.9,77,14.9,163,2072.00,11.8,75,14.1,167,2616.00,7.6,82,14.6,172,3191.00,3.8,88,17.3,172,3798.00,0.6,88,19.0,168,4445.00,-2.1,83,18.5,175,5141.00,-5.4,83,20.1,201,5895.00,-9.7,88,24.8,213,6717.13,-15.3,97,28.6,213,7617.28,-21.4,91,33.4,209,8615.39,-29.0,72,33.4,202,9735.48,-39.5,56,21.9,199,11011.43,-52.0,43,21.8,217,12495.35,-66.5,60,24.4,197,14295.52,-77.0,53,13.7,225,16666.67,-71.0,11,3.9,180,18748.64,-62.0,0,3.3,11,20786.21,-59.5,0,7.8,85,22166.67,-54.5,0,12.4,84,23990.66,-47.5,0,11.0,135,26625.00,-47.5,0,7.2,260,28522.29,-43.5,0,19.4,296,31231.89
2026-10-10T02:00,25.0,93,5.9,122,1015.4,26.7,79,17.3,124,141.00,24.9,83,18.6,126,365.00,23.3,82,18.3,129,593.00,22.0,76,17.0,136,826.00,20.7,70,15.9,144,1064.00,18.1,75,14.9,161,1557.00,15.3,73,15.4,165,2074.00,12.0,71,15.6,163,2619.00,8.1,78,16.3,166,3194.00,4.3,86,20.1,166,3802.00,0.7,85,22.1,168,4451.00,-2.5,96,18.9,178,5146.00,-5.4,96,18.4,198,5899.00,-9.4,97,22.9,209,6721.55,-15.0,98,28.7,208,7622.22,-21.0,78,33.6,214,8620.98,-29.5,66,36.5,207,9740.32,-39.5,58,23.0,202,11015.24,-52.0,50,23.9,221,12500.00,-66.5,57,21.7,207,14301.49,-76.5,53,14.7,225,16670.83,-71.0,11,1.4,207,18748.64,-62.5,4,2.3,34,20793.10,-60.0,0,11.5,106,22166.67,-54.5,0,16.8,90,23990.66,-47.0,0,8.8,144,26625.00,-47.0,0,14.0,292,28535.03,-43.5,0,15.1,301,31231.89
2026-10-10T03:00,25.7,92,6.5,120,1015.4,26.4,83,16.8,124,141.00,24.8,85,20.2,126,365.00,23.3,85,19.9,131,593.00,22.0,79,18.9,136,826.00,20.7,71,17.9,143,1064.00,18.2,67,16.7,154,1557.00,15.4,66,16.7,160,2075.00,12.2,66,16.9,163,2620.00,8.4,74,19.1,165,3195.00,4.5,78,22.8,170,3804.00,0.6,79,22.6,174,4452.00,-2.3,95,21.6,177,5147.00,-5.1,97,20.5,198,5901.00,-9.7,95,22.9,205,6722.65,-15.3,90,26.8,212,7623.46,-21.4,82,31.1,216,8620.98,-29.5,70,35.1,210,9740.32,-40.0,69,29.3,211,11013.33,-52.0,63,22.6,219,12497.67,-66.5,60,19.4,206,14295.52,-75.5,43,14.7,229,16666.67,-70.5,11,3.8,239,18754.10,-63.5,4,3.7,45,20786.21,-60.0,0,13.0,117,22166.67,-53.5,0,16.9,86,23990.66,-48.0,0,9.0,159,26636.36,-48.5,0,8.7,312,28535.03,-43.0,0,12.9,311,31231.89
2026-10-10T04:00,25.6,93,6.8,125,1014.9,26.5,84,18.0,123,137.00,24.7,87,21.4,126,361.00,23.1,88,21.6,132,589.00,22.0,79,20.8,138,822.00,20.8,67,20.3,143,1060.00,18.3,62,19.2,149,1553.00,15.6,63,19.2,156,2070.00,12.3,65,20.2,165,2615.00,8.7,67,21.7,171,3191.00,4.7,66,23.0,173,3800.00,1.1,70,22.2,174,4448.00,-2.1,88,21.6,184,5145.00,-4.9,84,20.3,197,5899.00,-9.4,78,27.0,204,6721.55,-14.6,83,26.1,215,7623.46,-21.4,85,30.0,219,8622.38,-29.5,72,34.7,213,9741.94,-40.0,82,30.9,213,11013.33,-52.0,60,21.7,207,12497.67,-67.0,66,21.8,210,14295.52,-75.5,43,13.8,229,16670.83,-71.0,11,3.3,259,18748.64,-63.5,4,6.1,58,20779.31,-58.0,0,13.3,119,22166.67,-54.0,0,13.7,109,23990.66,-48.5,0,5.3,166,26625.00,-47.5,0,6.8,343,28522.29,-42.5,0,11.9,311,31231.89
2026-10-10T05:00,25.4,93,6.4,128,1014.8,26.2,84,17.3,129,136.00,24.7,85,21.0,130,359.00,23.1,85,21.1,135,588.00,21.7,81,20.5,141,820.00,20.5,74,20.1,145,1058.00,18.1,65,19.5,151,1551.00,15.7,62,19.4,157,2068.00,12.5,59,21.0,166,2614.00,8.5,68,21.9,173,3189.00,4.7,75,23.9,172,3798.00,1.5,73,23.9,176,4447.00,-2.1,85,22.1,192,5144.00,-5.4,89,22.8,200,5898.00,-9.4,85,24.6,198,6719.34,-14.6,83,24.5,212,7620.99,-21.0,76,30.7,222,8619.58,-29.5,70,31.9,218,9738.71,-40.0,71,29.9,221,11011.43,-52.0,73,19.1,215,12495.35,-67.0,80,19.7,221,14292.54,-75.5,43,11.3,239,16666.67,-71.0,11,2.9,243,18748.64,-63.0,4,5.8,117,20779.31,-60.0,0,7.9,125,22158.73,-56.0,0,16.0,111,23971.97,-47.0,0,8.0,166,26613.64,-46.5,0,5.2,330,28509.55,-45.0,0,12.9,311,31217.39
2026-10-10T06:00,25.5,92,7.1,127,1014.5,26.0,86,17.7,129,133.00,24.6,86,23.4,128,356.00,23.1,86,22.9,132,584.00,21.8,82,21.8,137,817.00,20.5,76,21.3,142,1055.00,18.3,65,21.5,149,1548.00,15.7,61,21.0,156,2066.00,12.5,58,21.7,168,2611.00,8.7,70,23.5,176,3187.00,4.8,78,25.2,177,3796.00,2.4,58,24.8,185,4447.00,-1.6,80,19.9,198,5146.00,-5.1,89,21.2,192,5900.00,-9.7,92,25.2,206,6721.55,-14.6,80,26.1,215,7622.22,-21.0,62,29.8,228,8622.38,-29.5,58,32.1,225,9740.32,-40.0,73,28.9,224,11013.33,-52.0,63,19.8,218,12495.35,-67.0,83,19.7,221,14292.54,-75.5,43,11.9,248,16666.67,-72.5,15,2.6,180,18743.17,-63.5,4,3.2,90,20765.52,-59.5,0,7.1,90,22150.79,-55.5,0,17.1,119,23962.62,-48.5,0,7.8,185,26602.27,-46.5,0,5.5,339,28509.55,-44.0,0,12.1,306,31217.39
2026-10-10T07:00,25.6,92,7.2,128,1014.6,26.3,84,18.2,132,134.00,24.6,88,22.0,131,357.00,22.7,91,23.1,135,585.00,21.5,88,22.6,139,818.00,20.3,83,21.7,143,1056.00,18.3,65,21.0,151,1549.00,15.6,62,21.0,158,2067.00,12.3,60,21.2,167,2612.00,8.4,74,22.7,172,3186.00,4.8,85,23.3,176,3796.00,2.2,83,25.4,187,4447.00,-1.4,83,21.7,194,5146.00,-5.1,87,23.6,196,5900.00,-9.7,80,25.8,205,6721.55,-14.6,72,26.3,218,7623.46,-21.4,67,27.1,228,8620.98,-30.0,62,31.6,226,9738.71,-40.0,82,28.0,224,11009.53,-52.0,68,20.3,217,12490.70,-67.0,77,18.3,225,14289.55,-75.5,47,10.1,255,16662.50,-71.0,11,5.3,194,18737.71,-64.5,4,3.2,37,20758.62,-59.0,0,10.4,90,22142.86,-54.0,0,17.4,132,23962.62,-49.0,0,4.1,231,26602.27,-47.5,0,2.7,315,28496.82,-44.0,0,9.6,332,31202.90
2026-10-10T08:00,25.6,92,7.7,129,1014.3,26.1,85,18.7,131,131.00,24.5,89,23.2,130,355.00,22.8,91,23.9,134,583.00,21.7,87,23.2,138,816.00,20.7,81,22.4,143,1054.00,18.5,62,20.8,151,1547.00,15.8,58,19.9,159,2065.00,12.3,58,20.0,166,2610.00,8.7,69,21.2,169,3185.00,5.3,85,23.3,177,3795.00,2.2,83,25.9,188,4447.00,-1.9,88,21.8,200,5145.00,-5.4,86,22.8,200,5899.00,-9.7,77,26.4,205,6720.44,-15.3,82,25.9,212,7620.99,-22.2,76,24.3,228,8616.78,-30.0,68,30.3,228,9732.26,-40.5,78,27.6,231,11003.81,-52.0,58,19.6,214,12486.05,-67.0,74,17.0,223,14283.58,-76.0,47,8.6,257,16658.33,-72.0,11,7.0,236,18732.24,-63.5,4,7.6,59,20751.73,-57.5,0,10.1,105,22142.86,-54.5,0,12.4,141,23962.62,-50.0,0,2.7,225,26602.27,-47.5,0,4.6,262,28484.08,-43.5,0,9.0,330,31188.41
2026-10-10T09:00,25.7,92,7.3,130,1014.3,26.2,85,17.5,131,131.00,24.5,90,22.0,130,355.00,22.8,92,23.5,133,583.00,21.7,90,23.4,137,816.00,20.5,84,22.5,142,1054.00,18.7,62,21.2,151,1547.00,15.9,57,20.4,158,2066.00,12.3,62,20.8,162,2611.00,8.7,78,22.4,167,3186.00,5.5,85,22.9,180,3797.00,2.2,81,26.1,191,4448.00,-1.9,87,24.0,203,5147.00,-5.6,83,22.3,206,5900.00,-9.7,72,24.7,210,6720.44,-15.6,85,24.1,211,7619.75,-21.8,76,22.0,223,8615.39,-30.0,74,31.1,234,9733.87,-40.0,93,25.0,233,11003.81,-52.5,63,21.3,218,12486.05,-67.0,71,15.6,225,14283.58,-76.0,50,7.6,250,16658.33,-73.0,15,3.9,261,18726.78,-62.0,0,5.3,76,20751.73,-58.0,0,7.8,114,22142.86,-54.5,0,8.3,141,23962.62,-51.5,0,1.4,207,26590.91,-47.5,0,4.3,243,28471.34,-43.0,0,13.4,321,31173.92
2026-10-10T10:00,25.7,92,6.6,128,1014.6,26.3,84,17.2,132,134.00,24.6,89,21.1,132,358.00,22.8,92,22.8,134,586.00,21.7,90,23.1,137,818.00,20.4,87,22.2,141,1057.00,18.5,70,20.6,148,1550.00,15.6,63,19.7,157,2068.00,11.9,71,21.4,160,2613.00,8.5,83,23.0,167,3188.00,5.3,89,22.5,179,3798.00,2.0,86,24.6,189,4450.00,-1.9,89,22.8,203,5148.00,-5.4,80,22.0,204,5902.00,-9.7,75,23.6,201,6723.76,-15.3,82,22.3,206,7623.46,-21.8,78,20.7,219,8619.58,-30.0,74,29.3,235,9737.10,-40.0,100,25.5,243,11007.62,-52.5,75,23.8,223,12488.37,-67.0,71,12.4,223,14286.57,-76.0,47,7.3,225,16658.33,-72.5,15,4.1,309,18732.24,-63.0,4,3.3,101,20751.73,-58.5,0,10.1,105,22142.86,-53.5,0,7.6,121,23962.62,-51.5,0,2.3,214,26590.91,-46.5,0,4.5,270,28471.34,-42.5,0,9.7,307,31188.41
2026-10-10T11:00,25.6,92,7.4,125,1014.8,26.4,84,18.3,127,135.00,24.7,87,21.4,128,359.00,23.2,88,22.1,132,587.00,22.0,86,21.5,135,820.00,20.9,80,20.9,140,1059.00,18.5,70,19.6,150,1552.00,15.4,64,19.2,154,2070.00,11.8,69,21.0,154,2615.00,8.8,80,21.9,161,3190.00,5.5,91,23.3,177,3801.00,1.8,94,23.1,185,4452.00,-1.4,91,20.8,196,5151.00,-4.9,81,20.1,201,5906.00,-9.7,88,22.9,205,6728.18,-15.3,97,21.5,201,7628.40,-22.2,96,19.4,210,8623.78,-30.0,88,27.1,228,9740.32,-40.0,100,27.0,235,11011.43,-52.5,80,23.4,214,12495.35,-67.0,74,11.9,209,14289.55,-76.0,47,8.7,228,16662.50,-72.0,15,5.2,7,18726.78,-62.0,0,2.0,162,20758.62,-59.0,0,9.2,98,22150.79,-53.0,0,8.5,99,23971.97,-52.5,0,5.2,187,26590.91,-47.0,0,7.8,318,28471.34,-42.5,0,9.9,302,31173.92
2026-10-10T12:00,26.0,90,7.8,127,1015.2,26.4,84,19.0,128,139.00,24.8,86,21.9,129,363.00,23.3,86,22.5,133,591.00,22.1,83,21.5,137,824.00,21.0,78,20.7,141,1063.00,18.6,70,19.5,148,1556.00,15.3,67,19.0,150,2074.00,11.8,74,21.0,150,2619.00,9.0,87,22.7,164,3194.00,5.5,96,22.5,177,3805.00,1.8,98,22.6,184,4457.00,-1.4,89,20.4,192,5156.00,-4.9,83,18.3,203,5911.00,-9.7,88,21.4,215,6732.60,-15.3,98,21.2,203,7632.10,-22.2,100,19.1,198,8627.97,-30.0,88,24.8,223,9743.55,-40.0,84,25.7,225,11015.24,-52.5,73,22.7,217,12497.67,-67.0,74,13.0,207,14289.55,-76.0,50,8.8,234,16666.67,-71.0,11,7.0,22,18737.71,-62.5,0,3.2,180,20772.41,-60.5,0,11.1,83,22158.73,-53.5,0,10.4,90,23981.31,-52.5,0,3.3,191,26590.91,-47.5,0,7.6,329,28471.34,-41.5,0,14.3,309,31173.92
2026-10-10T13:00,27.3,86,7.5,129,1016.2,26.5,84,17.8,132,148.00,24.6,88,20.7,133,371.00,23.1,89,21.5,138,600.00,21.9,88,20.7,141,833.00,20.5,86,19.5,145,1071.00,18.3,72,18.4,152,1564.00,15.3,68,18.3,151,2082.00,11.9,68,20.4,148,2627.00,8.5,91,23.2,162,3202.00,5.5,99,21.4,182,3812.00,1.8,99,20.8,182,4464.00,-1.4,92,19.3,191,5163.00,-5.4,90,18.2,197,5918.00,-10.2,95,19.6,214,6738.12,-15.3,98,20.9,202,7638.27,-21.8,100,19.8,191,8633.57,-30.5,100,22.0,208,9750.00,-40.0,91,24.8,223,11020.95,-52.5,73,24.3,214,12502.33,-67.5,69,13.2,191,14298.51,-76.0,47,8.2,252,16670.83,-71.0,11,4.3,63,18748.64,-63.0,4,4.5,360,20779.31,-59.5,0,13.7,71,22158.73,-54.5,0,13.5,107,23990.66,-50.5,0,4.7,326,26602.27,-47.0,0,1.3,270,28484.08,-41.5,0,15.1,317,31202.90
2026-10-10T14:00,27.8,83,7.7,137,1016.4,26.7,82,16.8,139,150.00,24.7,87,19.7,140,374.00,23.0,90,21.3,143,602.00,21.8,88,20.9,147,835.00,20.7,85,19.8,151,1073.00,18.3,73,18.3,156,1567.00,15.4,66,18.5,151,2085.00,11.9,79,21.3,151,2630.00,8.8,93,22.6,165,3205.00,5.7,99,20.6,180,3817.00,2.0,100,20.3,181,4469.00,-1.6,96,20.6,186,5168.00,-5.6,91,18.0,201,5923.00,-10.2,95,17.1,217,6742.54,-15.0,95,19.9,199,7643.21,-21.4,96,20.8,185,8640.56,-30.0,100,23.1,191,9758.06,-40.0,82,22.5,213,11028.57,-52.5,73,23.2,216,12511.63,-67.0,66,13.7,188,14304.48,-75.0,43,5.2,263,16679.17,-71.0,11,2.7,76,18754.10,-62.5,0,8.8,36,20786.21,-59.5,0,14.9,88,22174.60,-54.5,0,11.8,99,24000.00,-51.0,0,2.0,342,26602.27,-46.5,0,3.2,53,28496.82,-42.5,0,15.1,313,31217.39
2026-10-10T15:00,26.4,89,7.1,143,1016.4,26.1,85,16.5,142,149.00,24.6,86,19.5,142,373.00,23.7,79,18.9,145,601.00,22.8,72,18.0,150,834.00,21.6,68,17.3,153,1073.00,18.5,73,19.0,153,1567.00,15.6,81,22.4,162,2086.00,12.0,89,23.6,172,2631.00,8.8,97,22.9,173,3207.00,5.8,99,22.5,178,3819.00,2.6,99,20.3,181,4471.00,-1.6,97,19.5,185,5171.00,-5.4,89,16.5,206,5925.00,-10.0,94,16.6,211,6745.86,-15.3,100,21.2,192,7645.68,-21.4,100,20.7,180,8643.36,-29.5,96,23.6,189,9761.29,-40.0,78,20.3,202,11032.38,-52.5,63,23.6,217,12516.28,-67.5,66,14.2,196,14310.45,-75.5,43,1.9,180,16679.17,-70.5,11,2.9,27,18759.56,-62.5,0,11.0,50,20793.10,-59.0,0,13.6,93,22182.54,-55.0,0,11.0,90,24000.00,-50.0,0,3.3,101,26613.64,-45.0,0,3.9,81,28509.55,-44.0,0,13.9,307,31231.89
2026-10-10T16:00,26.5,86,5.6,155,1016.4,25.9,84,14.2,153,150.00,25.2,74,18.9,151,373.00,24.2,70,18.6,153,602.00,22.9,70,18.1,156,835.00,21.3,72,18.5,158,1074.00,18.3,78,19.7,164,1568.00,15.3,83,21.3,172,2086.00,12.2,86,25.2,170,2631.00,8.7,93,26.1,167,3207.00,5.7,98,24.9,169,3819.00,2.4,99,18.6,183,4471.00,-1.2,91,17.3,194,5171.00,-5.4,94,18.3,203,5926.00,-9.7,95,20.9,196,6746.96,-15.3,98,20.2,186,7646.91,-21.4,96,17.6,174,8644.76,-29.5,88,22.0,194,9764.52,-40.0,80,18.4,190,11036.19,-52.5,63,18.4,219,12520.93,-67.5,80,16.5,191,14313.43,-75.5,47,6.0,167,16683.33,-71.0,11,2.9,63,18765.03,-62.5,0,9.9,58,20800.00,-59.5,0,13.2,101,22182.54,-55.0,0,11.7,84,24000.00,-49.5,0,4.1,129,26625.00,-45.0,0,1.4,63,28522.29,-44.5,0,11.3,301,31231.89
2026-10-10T17:00,30.6,62,8.0,148,1016.0,27.4,71,13.9,152,146.00,25.5,74,16.8,151,370.00,23.9,76,18.1,151,599.00,22.3,78,18.8,153,832.00,21.2,75,19.3,153,1071.00,18.3,79,19.2,157,1564.00,15.4,84,21.8,160,2083.00,12.3,86,23.9,167,2629.00,8.8,96,23.0,172,3205.00,6.0,99,20.2,178,3816.00,2.4,93,17.7,184,4469.00,-1.4,93,18.2,192,5169.00,-5.4,94,17.2,200,5924.00,-9.7,89,24.5,192,6744.75,-14.6,92,21.4,178,7645.68,-21.0,84,16.8,180,8646.15,-29.0,76,21.0,189,9766.13,-40.0,62,17.2,191,11040.00,-52.5,55,15.5,213,12523.26,-68.0,89,17.8,190,14316.42,-76.0,50,8.4,176,16683.33,-71.0,11,1.8,45,18765.03,-63.5,4,9.0,69,20793.10,-59.5,0,13.2,101,22174.60,-55.0,0,9.7,86,24000.00,-49.5,0,3.5,112,26613.64,-45.0,0,2.0,288,28522.29,-44.0,0,10.7,284,31231.89
2026-10-10T18:00,31.3,59,8.6,149,1015.3,28.2,67,14.9,151,141.00,26.3,71,16.1,156,365.00,24.3,77,16.5,160,594.00,22.3,84,16.5,162,828.00,20.4,89,16.6,163,1066.00,18.0,85,18.8,166,1559.00,15.3,86,20.5,167,2077.00,11.9,91,21.8,171,2623.00,9.0,97,21.8,184,3199.00,5.7,98,18.8,186,3811.00,2.2,98,18.7,187,4463.00,-1.0,89,17.6,190,5163.00,-5.1,89,18.4,190,5919.00,-9.7,91,24.7,194,6740.33,-14.0,83,24.7,183,7643.21,-21.0,84,20.1,182,8644.76,-29.5,74,19.7,189,9764.52,-40.0,82,17.4,195,11038.10,-52.5,50,14.0,193,12520.93,-68.0,71,15.7,187,14313.43,-76.0,50,9.4,164,16679.17,-72.5,15,1.9,360,18759.56,-63.5,4,7.4,75,20779.31,-59.0,0,11.7,96,22158.73,-55.5,0,10.4,86,23981.31,-48.5,0,1.3,90,26602.27,-46.0,0,4.1,219,28509.55,-43.5,0,15.9,297,31217.39
2026-10-10T19:00,31.6,58,9.0,156,1014.5,28.6,66,14.8,155,134.00,26.7,70,15.2,162,359.00,24.7,75,14.8,167,589.00,22.6,82,14.3,171,822.00,20.5,90,13.9,173,1061.00,17.9,84,16.7,171,1554.00,15.4,82,19.8,170,2072.00,12.2,89,21.8,178,2617.00,9.0,98,21.8,183,3194.00,5.7,99,20.2,182,3806.00,2.4,96,18.2,184,4458.00,-0.6,85,21.2,187,5159.00,-4.9,86,22.3,188,5915.00,-9.2,72,27.2,192,6738.12,-14.3,85,25.9,193,7640.74,-20.6,95,21.5,185,8640.56,-29.5,82,19.5,184,9761.29,-40.0,93,17.2,191,11034.29,-52.0,43,12.4,186,12516.28,-67.5,60,13.7,188,14310.45,-76.0,50,9.3,168,16675.00,-73.5,15,2.7,76,18748.64,-64.0,4,6.5,53,20765.52,-59.5,0,14.4,98,22150.79,-55.0,0,8.4,86,23962.62,-49.0,0,3.3,79,26590.91,-45.5,0,7.0,236,28496.82,-42.0,0,16.9,302,31217.39
2026-10-10T20:00,31.1,59,8.2,155,1014.2,28.7,64,14.4,157,132.00,26.8,69,14.9,164,357.00,24.7,74,14.6,168,586.00,22.6,81,13.9,171,820.00,20.5,88,13.5,171,1059.00,18.0,82,16.1,173,1552.00,15.4,82,18.9,179,2070.00,12.5,83,20.9,182,2616.00,9.4,87,21.5,181,3193.00,6.0,95,19.5,177,3806.00,2.0,98,18.6,181,4458.00,-1.4,92,25.2,181,5158.00,-4.4,73,23.1,191,5914.00,-9.2,74,24.7,194,6738.12,-14.3,80,29.7,196,7640.74,-20.6,87,22.3,188,8640.56,-29.5,86,19.4,182,9761.29,-40.0,58,16.9,182,11034.29,-52.0,35,13.9,191,12518.61,-67.5,57,11.2,190,14313.43,-75.5,43,10.4,173,16679.17,-72.5,15,5.5,69,18748.64,-65.0,4,7.6,59,20765.52,-58.5,0,13.6,93,22142.86,-55.5,0,7.0,68,23971.97,-49.0,0,3.3,101,26590.91,-46.0,0,7.2,243,28484.08,-43.0,0,21.2,301,31217.39
2026-10-10T21:00,28.2,75,6.6,135,1014.5,27.5,73,14.8,145,133.00,25.8,76,15.3,153,358.00,24.1,79,13.9,162,586.00,22.4,84,13.2,170,820.00,20.9,84,13.9,174,1059.00,18.6,79,16.5,176,1553.00,15.6,81,18.1,182,2071.00,12.5,85,18.9,185,2617.00,9.3,92,18.6,187,3195.00,6.0,99,17.9,192,3807.00,2.4,99,19.6,188,4460.00,-1.6,99,22.1,180,5160.00,-4.7,83,23.3,193,5915.00,-9.2,82,23.6,189,6738.12,-14.3,85,27.6,189,7641.98,-21.0,95,23.0,190,8641.96,-29.0,94,20.7,180,9762.90,-40.0,62,16.9,184,11036.19,-52.0,40,16.4,198,12518.61,-67.5,66,12.3,183,14313.43,-75.5,40,11.7,180,16679.17,-72.0,11,5.6,36,18748.64,-64.0,4,10.4,83,20765.52,-58.5,0,12.3,87,22150.79,-55.5,0,7.8,66,23971.97,-49.0,0,2.9,153,26590.91,-45.0,0,7.1,270,28496.82,-45.0,0,20.7,309,31202.90
2026-10-10T22:00,28.2,75,5.9,146,1014.5,27.0,77,13.7,148,133.00,25.4,78,15.9,154,357.00,24.2,79,14.6,164,586.00,22.8,81,13.6,173,820.00,21.5,80,14.2,179,1059.00,18.7,79,16.8,184,1553.00,15.8,82,17.9,187,2073.00,12.6,88,18.5,189,2619.00,9.3,94,18.8,196,3196.00,5.8,99,18.8,198,3809.00,2.4,99,19.4,192,4462.00,-1.4,99,22.7,185,5161.00,-5.1,93,23.4,185,5916.00,-9.2,89,24.0,178,6738.12,-14.0,73,25.0,190,7641.98,-21.0,87,24.8,200,8643.36,-29.0,94,17.7,188,9764.52,-40.0,93,15.6,182,11038.10,-52.0,65,15.6,182,12523.26,-67.5,69,12.4,174,14316.42,-76.0,47,10.5,191,16683.33,-71.5,11,6.0,13,18748.64,-63.5,4,11.8,99,20772.41,-58.0,0,12.1,74,22158.73,-55.0,0,7.6,70,23981.31,-49.5,0,4.3,117,26602.27,-46.5,0,12.5,298,28509.55,-45.5,0,21.5,316,31202.90
2026-10-10T23:00,27.2,80,4.7,150,1015.0,27.2,76,13.6,155,138.00,26.0,75,14.9,164,362.00,24.6,76,14.2,170,591.00,23.1,78,14.1,176,825.00,21.6,80,14.5,182,1064.00,18.6,81,15.9,188,1559.00,15.7,82,17.0,191,2078.00,12.6,86,18.3,195,2624.00,9.6,89,20.1,198,3201.00,6.0,91,20.7,200,3814.00,2.4,93,19.8,197,4467.00,-1.4,92,20.6,186,5166.00,-5.1,87,22.7,180,5921.00,-9.2,80,24.0,182,6743.65,-14.3,65,25.2,192,7646.91,-20.6,71,24.4,202,8647.55,-29.0,86,16.8,208,9769.35,-40.0,100,15.3,192,11041.91,-52.5,88,14.9,182,12525.58,-67.5,69,15.9,168,14319.40,-76.0,47,9.4,196,16683.33,-72.0,11,5.9,6,18754.10,-63.0,4,11.0,93,20772.41,-58.5,0,14.3,72,22166.67,-54.5,0,6.8,73,23990.66,-49.0,0,5.2,97,26613.64,-47.5,0,14.8,308,28509.55,-45.5,0,19.8,322,31202.90
2026-10-11T00:00,26.5,84,4.3,153,1015.6,27.2,76,14.3,165,143.00,26.3,73,14.7,171,367.00,24.7,74,14.7,177,597.00,23.1,78,14.8,183,831.00,21.3,82,14.9,189,1070.00,18.5,83,15.8,194,1564.00,15.8,80,17.0,194,2083.00,12.9,81,17.4,196,2629.00,9.7,80,19.1,198,3207.00,6.0,84,20.4,197,3820.00,2.4,88,19.6,188,4472.00,-1.4,91,21.6,177,5172.00,-5.1,79,22.7,180,5927.00,-9.2,69,24.0,182,6749.17,-14.0,65,22.8,200,7651.85,-21.0,67,24.1,204,8653.15,-29.0,74,15.6,225,9774.19,-40.0,87,15.6,197,11047.62,-52.5,90,14.8,165,12530.23,-67.5,66,19.5,174,14322.39,-76.0,47,7.9,189,16687.50,-72.0,15,4.9,23,18759.56,-62.5,0,10.4,83,20786.21,-58.5,0,12.9,72,22174.60,-55.0,0,8.4,67,23990.66,-49.0,0,5.5,111,26613.64,-47.5,0,14.7,311,28522.29,-44.5,0,20.1,327,31202.90
2026-10-11T01:00,26.4,84,5.1,155,1016.1,27.0,76,15.4,161,147.00,26.1,73,15.7,167,372.00,24.7,74,14.5,176,601.00,23.1,79,14.1,190,835.00,21.5,81,14.1,202,1074.00,18.5,82,16.9,208,1568.00,15.7,82,17.3,205,2087.00,13.2,78,16.9,197,2634.00,9.9,78,18.5,196,3212.00,5.8,86,19.1,196,3825.00,2.2,90,20.3,179,4477.00,-1.2,81,22.1,176,5176.00,-4.9,76,24.7,177,5931.00,-9.2,72,24.0,182,6753.59,-14.3,65,23.1,191,7655.56,-20.6,58,24.2,200,8655.94,-29.0,66,14.8,209,9775.81,-40.0,82,17.2,200,11049.53,-52.5,83,17.4,158,12532.56,-67.5,77,20.7,178,14325.37,-76.0,47,7.2,190,16691.67,-72.5,15,5.6,54,18765.03,-62.5,0,11.6,63,20786.21,-59.0,0,14.6,69,22182.54,-55.5,0,9.6,70,24000.00,-49.5,0,3.7,135,26613.64,-48.0,0,14.2,317,28509.55,-44.5,0,19.4,334,31202.90
2026-10-11T02:00,26.6,82,6.2,160,1016.4,26.8,77,17.0,161,150.00,26.3,73,18.6,165,374.00,24.7,75,16.4,173,603.00,23.1,80,14.6,185,837.00,21.5,83,14.3,195,1077.00,18.5,86,16.8,205,1571.00,15.7,83,17.9,205,2090.00,12.9,80,18.0,198,2637.00,9.7,79,18.0,198,3214.00,5.8,86,18.2,191,3827.00,2.2,85,23.0,176,4479.00,-1.2,80,23.2,175,5178.00,-4.9,77,23.4,177,5934.00,-9.4,78,26.6,179,6756.91,-14.6,73,23.4,183,7658.03,-21.0,62,21.3,200,8658.74,-29.5,68,15.2,200,9779.03,-40.0,69,16.6,201,11051.43,-52.0,75,19.3,160,12534.88,-67.5,94,20.8,176,14328.36,-75.5,40,7.6,200,16695.83,-73.0,15,7.4,52,18770.49,-62.5,0,11.3,66,20793.10,-59.5,0,13.7,71,22182.54,-55.0,0,12.9,72,24000.00,-49.5,0,1.4,207,26625.00,-48.0,0,11.0,315,28509.55,-45.5,0,18.3,337,31202.90
2026-10-11T03:00,26.7,81,6.4,160,1016.5,26.5,79,16.8,163,150.00,26.3,73,21.8,166,375.00,24.8,76,19.3,171,604.00,23.0,81,16.7,179,838.00,21.2,85,15.6,184,1077.00,18.5,85,15.7,194,1571.00,15.9,81,18.1,197,2090.00,12.9,79,17.8,197,2637.00,9.9,77,17.9,197,3215.00,5.8,85,21.0,192,3827.00,2.4,83,23.0,179,4480.00,-1.0,79,22.6,181,5179.00,-4.9,79,25.9,180,5935.00,-9.2,72,28.5,181,6758.01,-14.6,75,25.8,192,7660.49,-21.0,64,20.3,197,8660.14,-29.5,64,16.2,196,9779.03,-40.0,71,15.7,204,11051.43,-52.5,90,19.3,160,12532.56,-68.0,89,22.7,177,14328.36,-75.0,40,10.5,202,16700.00,-72.0,11,10.2,55,18770.49,-63.0,0,11.5,74,20800.00,-59.5,0,14.2,74,22182.54,-54.5,0,13.4,76,24009.35,-50.5,0,1.4,243,26625.00,-48.0,0,11.1,324,28509.55,-45.5,0,17.2,340,31202.90
2026-10-11T04:00,26.8,81,7.3,163,1016.4,26.6,79,16.9,163,150.00,26.1,74,22.3,165,374.00,24.8,75,20.0,169,603.00,23.1,78,17.7,174,837.00,21.5,81,16.7,179,1076.00,18.6,86,18.1,186,1571.00,15.7,88,18.8,188,2090.00,12.9,80,18.6,191,2637.00,9.4,81,18.5,193,3215.00,5.7,84,22.6,187,3826.00,2.4,79,23.0,181,4478.00,-1.2,80,23.7,185,5178.00,-5.1,83,29.2,179,5933.00,-9.2,80,29.8,182,6755.80,-14.3,67,26.3,196,7658.03,-21.0,60,19.5,195,8657.34,-29.5,44,16.6,201,9777.42,-40.5,67,17.2,200,11047.62,-52.5,100,21.1,162,12530.23,-68.0,86,21.4,180,14322.39,-75.5,43,11.0,208,16695.83,-71.5,11,8.7,63,18770.49,-63.0,4,11.7,71,20793.10,-59.5,0,13.5,73,22174.60,-55.0,0,13.1,81,24000.00,-51.0,0,4.1,321,26613.64,-48.0,0,12.4,321,28496.82,-45.0,0,11.1,339,31188.41
2026-10-11T05:00,26.6,81,6.9,169,1016.5,26.3,79,17.4,170,150.00,25.8,74,24.8,172,374.00,24.5,77,22.9,174,603.00,22.8,81,20.5,175,837.00,21.1,85,18.8,177,1076.00,18.0,93,18.7,181,1570.00,15.7,86,18.6,180,2088.00,13.0,79,19.5,183,2635.00,9.3,81,19.9,186,3212.00,5.7,86,20.3,192,3824.00,2.4,81,22.1,192,4476.00,-1.0,77,23.9,188,5175.00,-5.1,80,28.0,187,5931.00,-9.2,75,28.2,189,6753.59,-14.6,70,25.4,199,7655.56,-21.4,58,20.1,195,8654.55,-29.5,42,17.7,204,9772.58,-40.0,60,18.9,196,11043.81,-52.5,95,19.8,169,12525.58,-68.0,91,21.0,189,14319.40,-75.5,47,9.9,212,16691.67,-71.0,11,9.0,69,18759.56,-63.0,4,11.9,61,20786.21,-59.5,0,12.3,90,22166.67,-55.5,0,11.9,77,23990.66,-50.5,0,6.5,323,26602.27,-48.0,0,11.9,315,28484.08,-45.5,0,9.3,335,31159.42
2026-10-11T06:00,25.3,87,6.5,173,1016.6,26.0,79,16.9,172,151.00,25.2,76,25.7,171,375.00,24.0,78,25.8,175,604.00,22.5,83,22.2,175,837.00,21.1,86,19.7,176,1076.00,18.3,87,17.7,182,1570.00,15.6,83,18.6,182,2089.00,12.6,78,18.6,183,2635.00,9.1,80,18.9,186,3211.00,5.8,81,21.4,185,3823.00,2.2,83,21.9,189,4475.00,-1.4,85,24.6,191,5173.00,-4.9,74,28.5,192,5929.00,-9.2,72,26.3,196,6751.38,-14.6,73,24.6,198,7653.09,-21.4,64,20.0,193,8651.75,-29.5,60,18.7,200,9770.97,-40.5,64,20.3,189,11040.00,-52.0,73,20.3,173,12523.26,-68.0,94,20.1,195,14316.42,-75.5,47,8.2,225,16687.50,-71.0,11,8.7,63,18759.56,-63.5,4,11.9,68,20779.31,-59.0,0,11.2,100,22158.73,-56.0,0,13.1,70,23971.97,-51.0,0,6.5,307,26590.91,-48.5,0,11.1,324,28471.34,-44.5,0,9.2,321,31159.42
2026-10-11T07:00,24.9,89,5.8,180,1016.7,25.6,81,16.2,174,152.00,25.2,77,24.7,175,375.00,23.9,79,24.5,179,604.00,22.8,81,22.8,181,837.00,21.2,84,21.0,182,1076.00,18.2,86,19.2,184,1570.00,15.6,77,18.9,183,2089.00,12.5,78,18.3,183,2634.00,9.1,80,18.2,186,3211.00,5.7,84,20.4,194,3822.00,1.8,89,22.2,193,4473.00,-1.6,88,24.0,190,5172.00,-4.9,76,23.8,197,5926.00,-9.2,72,24.6,198,6749.17,-14.6,73,23.2,198,7650.62,-21.4,71,21.2,192,8648.95,-29.5,66,17.8,190,9767.74,-40.5,78,21.0,189,11038.10,-52.0,40,19.1,190,12520.93,-68.5,100,19.3,200,14313.43,-75.5,47,7.3,225,16683.33,-72.0,11,9.6,48,18754.10,-64.0,4,11.9,77,20772.41,-59.5,0,9.9,101,22150.79,-56.0,0,13.1,81,23962.62,-51.5,0,7.2,297,26579.55,-48.5,0,14.5,333,28458.60,-44.0,0,10.1,297,31144.93
2026-10-11T08:00,24.5,91,4.9,189,1016.6,25.3,82,16.0,182,150.00,25.3,75,23.6,180,374.00,24.0,77,23.6,182,602.00,22.4,82,22.6,184,836.00,20.8,86,21.6,185,1074.00,18.2,82,19.2,184,1568.00,15.4,75,18.7,183,2086.00,12.3,77,18.0,184,2631.00,9.3,78,18.3,188,3207.00,5.5,82,19.6,193,3819.00,1.8,85,21.5,195,4470.00,-1.9,89,24.1,196,5168.00,-4.9,76,19.7,207,5922.00,-9.2,69,20.0,209,6744.75,-14.6,67,20.9,196,7646.91,-21.4,65,20.7,194,8646.15,-29.5,62,17.2,191,9764.52,-40.0,42,23.5,188,11036.19,-52.5,58,22.0,182,12518.61,-68.5,100,18.3,207,14307.46,-75.5,47,7.4,232,16679.17,-71.5,11,11.0,40,18748.64,-64.5,4,9.9,79,20765.52,-60.0,0,11.0,90,22142.86,-56.0,0,11.0,87,23962.62,-52.0,0,4.6,315,26568.18,-49.0,0,13.9,332,28445.86,-44.5,0,13.3,299,31130.44
2026-10-11T09:00,24.2,92,3.9,177,1016.7,25.6,80,15.4,175,152.00,25.3,75,20.3,172,375.00,24.0,74,20.5,172,604.00,22.4,75,19.9,174,837.00,20.8,78,19.0,176,1075.00,18.2,78,18.2,178,1569.00,15.6,72,18.4,183,2087.00,12.3,74,18.7,186,2632.00,9.1,74,19.0,194,3208.00,5.3,81,19.0,200,3819.00,1.7,84,20.7,196,4470.00,-1.9,84,23.4,200,5168.00,-5.1,81,18.0,218,5922.00,-9.2,71,17.0,227,6744.75,-14.3,60,20.3,202,7645.68,-21.4,58,20.0,193,8644.76,-30.0,40,18.8,178,9762.90,-40.0,47,22.3,188,11034.29,-52.5,80,23.5,188,12513.95,-68.0,100,18.3,212,14304.48,-76.0,50,6.1,252,16675.00,-71.0,11,10.5,47,18748.64,-64.5,4,11.5,74,20765.52,-59.0,0,10.5,79,22150.79,-56.5,0,8.6,77,23962.62,-52.0,0,5.1,320,26556.82,-49.0,0,13.5,325,28433.12,-44.0,0,15.8,305,31115.94
2026-10-11T10:00,24.2,94,3.9,174,1017.2,25.5,83,15.0,170,156.00,24.9,79,18.8,170,379.00,23.7,77,19.5,171,607.00,22.2,75,19.2,174,841.00,20.9,74,18.6,174,1079.00,18.2,73,17.8,175,1572.00,15.4,74,17.6,182,2090.00,12.3,73,18.8,189,2635.00,9.1,76,18.7,195,3212.00,5.5,80,18.8,198,3822.00,1.7,88,20.6,195,4473.00,-1.6,81,22.6,202,5171.00,-5.4,80,18.5,216,5926.00,-9.7,74,16.0,227,6746.96,-15.0,65,18.2,215,7648.15,-21.4,53,18.9,196,8646.15,-29.5,50,20.7,180,9762.90,-40.5,60,20.8,184,11034.29,-52.5,78,22.6,193,12513.95,-68.0,100,17.1,209,14304.48,-76.0,50,5.2,277,16670.83,-71.5,11,9.9,58,18748.64,-63.5,4,11.3,77,20765.52,-59.5,0,9.4,74,22150.79,-56.5,0,8.6,77,23953.27,-51.5,0,9.7,307,26556.82,-49.0,0,12.2,328,28433.12,-43.5,0,17.0,310,31130.44
2026-10-11T11:00,24.2,94,3.5,183,1017.7,25.5,83,14.7,173,160.00,24.8,79,18.5,172,383.00,23.4,80,19.3,174,611.00,21.9,81,18.7,175,844.00,20.5,80,18.3,177,1082.00,18.0,76,17.7,179,1575.00,15.3,77,17.6,183,2093.00,12.2,76,18.1,188,2638.00,9.0,76,18.0,194,3214.00,5.7,79,18.3,197,3825.00,1.8,90,20.9,193,4477.00,-1.2,76,21.6,206,5175.00,-5.4,77,17.6,216,5930.00,-10.0,78,15.3,234,6751.38,-15.0,62,17.9,224,7650.62,-21.4,47,17.4,202,8648.95,-29.5,64,24.0,183,9764.52,-40.0,60,20.6,193,11036.19,-53.0,78,21.9,199,12516.28,-68.0,100,15.9,207,14304.48,-75.0,40,5.5,291,16675.00,-72.0,11,9.9,58,18748.64,-63.0,4,10.9,73,20765.52,-60.0,0,9.0,69,22150.79,-56.0,0,8.1,61,23962.62,-52.0,0,11.0,320,26568.18,-48.5,0,11.9,338,28445.86,-44.0,0,15.1,301,31144.93
2026-10-11T12:00,24.6,93,3.1,184,1018.2,25.5,82,14.4,175,165.00,24.8,80,18.2,174,388.00,23.2,82,19.1,176,616.00,21.8,84,18.5,178,849.00,20.3,84,17.9,181,1087.00,17.9,80,17.3,183,1580.00,15.2,80,17.3,184,2097.00,12.2,81,17.5,187,2642.00,9.1,77,17.2,193,3219.00,5.8,82,18.7,197,3830.00,2.0,91,20.5,194,4482.00,-1.4,75,20.4,206,5180.00,-5.1,74,17.8,213,5935.00,-10.0,78,15.1,227,6756.91,-15.0,58,16.5,228,7656.79,-21.8,42,18.6,209,8653.15,-30.0,58,21.5,196,9769.35,-40.5,67,22.5,198,11040.00,-53.0,83,23.0,196,12518.61,-68.0,97,14.8,203,14310.45,-75.0,40,5.2,300,16679.17,-72.0,11,10.4,60,18754.10,-63.0,0,9.9,67,20779.31,-61.0,0,9.0,60,22158.73,-56.0,0,9.2,51,23962.62,-52.5,0,11.9,331,26579.55,-49.5,0,10.5,338,28445.86,-45.0,0,11.3,301,31130.44
2026-10-11T13:00,26.1,89,5.1,187,1018.7,25.3,84,13.4,178,169.00,25.1,78,19.0,176,393.00,23.5,79,19.7,176,621.00,22.0,81,19.1,177,854.00,20.4,83,17.9,181,1092.00,17.7,82,17.1,187,1585.00,15.2,82,17.7,187,2102.00,12.2,82,17.9,191,2648.00,9.0,82,17.2,197,3224.00,5.5,88,17.6,198,3835.00,2.0,90,18.9,196,4487.00,-1.6,79,20.0,203,5185.00,-5.1,74,17.4,211,5940.00,-9.7,72,15.6,222,6761.33,-15.3,63,14.2,223,7660.49,-21.8,47,19.2,213,8657.34,-30.0,60,21.5,196,9774.19,-40.5,100,23.4,194,11043.81,-53.0,73,23.0,190,12523.26,-68.0,91,13.9,208,14313.43,-74.5,37,2.3,326,16687.50,-72.5,15,10.9,73,18765.03,-63.0,4,10.7,65,20786.21,-61.0,0,10.5,68,22166.67,-55.5,0,10.5,43,23971.97,-52.5,0,12.1,344,26579.55,-50.0,0,8.5,351,28445.86,-44.5,0,13.0,297,31130.44
2026-10-11T14:00,27.6,84,6.4,183,1019.1,26.4,79,14.6,182,173.00,25.2,75,19.8,177,397.00,23.8,74,19.9,177,625.00,22.2,74,18.7,179,858.00,20.5,77,17.4,181,1096.00,17.7,82,15.6,186,1589.00,15.2,81,15.8,188,2106.00,12.2,83,16.8,192,2652.00,9.0,88,16.5,198,3228.00,5.7,93,17.1,197,3839.00,1.8,95,17.5,196,4491.00,-1.6,89,18.8,203,5189.00,-5.1,83,17.7,208,5944.00,-9.7,77,14.6,212,6764.64,-15.3,73,15.5,213,7664.20,-21.8,73,18.3,212,8661.54,-30.0,100,21.3,200,9777.42,-40.5,100,24.2,196,11047.62,-53.0,73,22.6,193,12527.91,-68.0,97,15.9,207,14316.42,-74.5,33,2.3,56,16691.67,-72.5,15,11.3,77,18770.49,-63.5,4,11.3,59,20786.21,-60.5,0,12.8,60,22166.67,-55.0,0,11.0,40,23981.31,-52.0,0,10.4,4,26590.91,-49.0,0,4.7,16,28471.34,-45.5,0,13.1,290,31144.93
2026-10-11T15:00,28.9,77,7.0,183,1019.4,26.7,78,14.2,183,176.00,24.9,82,16.3,182,399.00,23.3,82,17.6,183,628.00,22.0,76,17.4,183,861.00,20.8,70,16.3,184,1099.00,18.1,67,14.4,187,1591.00,15.3,71,14.2,189,2109.00,12.2,81,15.3,192,2654.00,8.8,89,16.5,198,3230.00,5.3,96,17.2,198,3841.00,1.7,100,18.0,197,4492.00,-1.2,83,18.6,205,5191.00,-5.1,81,19.7,203,5946.00,-10.0,88,16.5,206,6766.85,-15.6,85,15.7,210,7665.43,-21.8,82,18.0,201,8662.94,-30.0,90,24.2,196,9779.03,-40.5,67,24.0,177,11049.53,-53.0,80,20.1,201,12527.91,-68.0,97,14.4,234,14316.42,-75.0,37,3.2,90,16695.83,-72.5,15,9.2,82,18770.49,-63.0,4,11.6,63,20793.10,-60.0,0,12.4,51,22174.60,-55.5,0,11.5,38,23990.66,-51.5,0,10.2,35,26602.27,-49.0,0,3.2,360,28484.08,-45.5,0,13.1,279,31159.42
2026-10-11T16:00,30.5,64,7.0,182,1019.1,27.6,71,12.8,183,174.00,25.5,77,14.1,183,398.00,23.4,84,14.7,183,627.00,21.5,87,15.2,183,860.00,20.3,78,15.4,183,1098.00,18.6,52,13.6,185,1590.00,15.8,55,13.7,189,2108.00,12.5,71,14.7,193,2653.00,9.0,77,15.9,195,3229.00,5.3,88,17.2,198,3840.00,1.1,99,17.3,199,4491.00,-1.0,80,19.7,205,5190.00,-4.9,76,19.7,197,5946.00,-9.7,78,17.4,202,6767.96,-15.6,78,16.5,206,7666.67,-21.8,84,20.1,201,8662.94,-30.0,56,26.8,187,9780.65,-40.5,84,26.1,173,11049.53,-53.0,80,19.1,198,12527.91,-68.0,97,13.5,235,14316.42,-75.0,37,2.7,104,16695.83,-72.5,15,8.6,77,18770.49,-63.0,0,11.9,68,20793.10,-60.0,0,12.4,43,22182.54,-56.0,0,11.9,61,23990.66,-51.5,0,8.8,36,26602.27,-49.5,0,1.3,270,28471.34,-46.0,0,14.3,270,31144.93
2026-10-11T17:00,32.8,52,6.7,170,1018.4,29.1,61,11.1,176,168.00,27.1,64,12.3,184,393.00,24.9,70,13.2,186,623.00,22.9,76,13.6,187,857.00,20.7,83,13.9,187,1095.00,17.0,78,13.6,186,1587.00,16.1,46,13.2,192,2104.00,12.7,60,14.0,196,2650.00,9.3,64,15.6,195,3226.00,5.5,73,16.5,199,3837.00,1.8,93,17.4,207,4488.00,-1.0,84,19.6,211,5187.00,-5.1,86,21.3,200,5943.00,-9.7,74,17.8,190,6764.64,-15.3,67,17.6,197,7664.20,-21.8,84,21.9,199,8661.54,-30.0,50,27.5,188,9777.42,-40.5,78,27.9,179,11047.62,-53.0,70,19.1,198,12525.58,-68.0,86,14.7,229,14316.42,-75.5,40,1.4,27,16691.67,-72.5,15,8.0,76,18765.03,-63.0,0,10.8,57,20793.10,-61.0,0,11.9,49,22174.60,-54.5,0,11.9,77,23981.31,-52.0,0,5.6,36,26602.27,-49.5,0,2.9,243,28471.34,-45.5,0,15.0,265,31144.93
2026-10-11T18:00,33.4,49,7.1,164,1017.4,29.8,57,10.9,169,160.00,28.0,59,11.5,184,386.00,25.9,63,12.2,192,616.00,23.7,69,12.4,196,850.00,21.6,76,12.8,197,1090.00,17.0,90,12.6,197,1583.00,15.8,49,13.2,197,2099.00,12.7,56,13.1,200,2644.00,9.3,61,14.1,198,3220.00,5.8,60,15.1,201,3831.00,2.0,90,16.8,210,4483.00,-1.2,91,19.6,211,5182.00,-4.9,79,22.0,204,5938.00,-9.7,85,20.0,193,6760.22,-15.0,68,20.0,193,7660.49,-21.4,69,22.6,204,8657.34,-30.0,50,28.1,188,9775.81,-40.5,56,28.5,181,11045.72,-53.0,93,20.1,195,12523.26,-68.0,97,17.5,231,14313.43,-75.5,43,2.3,34,16687.50,-72.5,11,4.9,67,18759.56,-64.0,4,10.5,43,20779.31,-61.0,0,14.2,66,22158.73,-54.0,0,8.4,67,23971.97,-52.0,0,4.6,45,26579.55,-50.0,0,5.5,249,28458.60,-44.0,0,18.3,262,31130.44
2026-10-11T19:00,33.4,48,7.1,163,1016.7,30.2,55,11.1,168,154.00,28.5,56,11.8,187,380.00,26.5,60,12.2,197,610.00,24.4,65,12.1,203,845.00,22.1,72,12.1,207,1085.00,17.5,87,11.8,209,1579.00,14.0,78,11.6,205,2094.00,12.9,52,11.7,199,2639.00,9.3,57,12.5,196,3215.00,6.0,53,13.7,199,3827.00,2.2,90,16.1,212,4478.00,-1.2,93,20.0,210,5178.00,-4.9,69,21.5,201,5933.00,-9.7,82,21.9,199,6754.70,-15.0,75,22.0,194,7655.56,-21.4,53,23.8,206,8654.55,-30.0,50,26.8,187,9772.58,-40.5,47,30.5,178,11041.91,-53.0,90,21.4,194,12520.93,-68.0,100,18.3,228,14310.45,-76.0,47,1.3,360,16683.33,-72.5,15,4.1,51,18754.10,-65.0,4,11.0,50,20765.52,-60.0,0,14.2,74,22142.86,-55.0,0,5.8,27,23962.62,-52.0,0,2.7,14,26568.18,-49.5,0,7.2,243,28445.86,-43.5,0,19.4,268,31130.44
2026-10-11T20:00,33.0,50,7.1,158,1016.2,30.3,54,11.5,169,150.00,28.6,55,11.5,190,376.00,26.7,59,11.6,201,607.00,24.6,64,11.4,209,842.00,22.4,71,11.0,215,1082.00,17.7,85,11.1,225,1576.00,13.9,86,10.5,220,2092.00,13.0,46,10.9,201,2636.00,9.6,48,12.1,194,3213.00,6.2,48,13.7,199,3824.00,2.2,90,15.2,210,4476.00,-1.4,93,19.3,209,5175.00,-4.9,59,22.3,197,5931.00,-9.4,57,23.0,196,6752.49,-14.6,72,23.6,196,7654.32,-21.0,36,23.5,204,8653.15,-30.0,48,24.3,189,9770.97,-40.5,51,29.2,181,11041.91,-53.0,88,20.5,198,12520.93,-68.0,100,16.0,223,14310.45,-76.0,50,0.6,360,16679.17,-72.5,15,6.1,32,18748.64,-65.0,4,12.2,58,20765.52,-59.0,0,12.3,72,22142.86,-55.5,0,5.8,27,23962.62,-53.0,0,3.2,323,26556.82,-49.0,0,7.6,239,28420.38,-43.5,0,22.2,277,31130.44
2026-10-11T21:00,31.3,59,7.8,148,1016.2,30.0,56,12.4,167,149.00,28.2,59,11.7,183,375.00,26.2,64,10.9,197,606.00,24.2,68,10.7,209,840.00,22.0,73,10.6,222,1080.00,17.9,84,11.0,241,1574.00,14.0,89,9.2,232,2091.00,13.3,42,10.3,206,2635.00,9.9,39,11.5,201,3212.00,6.2,51,13.1,206,3823.00,2.4,88,14.9,214,4475.00,-1.2,89,19.3,209,5175.00,-5.1,61,22.5,198,5930.00,-9.2,42,23.6,196,6752.49,-14.6,67,23.8,197,7653.09,-21.0,31,21.7,197,8653.15,-30.0,48,22.0,194,9770.97,-40.5,60,27.3,185,11040.00,-53.0,83,21.8,203,12518.61,-68.0,100,16.7,216,14307.46,-76.0,50,0.9,315,16679.17,-72.5,15,8.4,23,18748.64,-65.0,4,12.2,58,20765.52,-59.5,0,11.6,63,22142.86,-56.0,0,5.1,40,23962.62,-53.5,0,1.9,360,26545.46,-47.5,0,9.9,247,28420.38,-44.0,0,25.8,288,31130.44
2026-10-11T22:00,28.9,74,8.0,141,1016.4,28.2,69,14.3,152,151.00,26.7,70,12.8,167,376.00,25.7,69,10.5,194,605.00,24.2,68,10.6,217,840.00,22.1,71,10.9,230,1080.00,17.6,85,10.9,247,1574.00,14.4,78,7.6,238,2090.00,13.4,39,9.8,207,2635.00,10.0,33,11.1,201,3212.00,6.5,46,12.8,210,3824.00,2.4,88,14.8,219,4476.00,-1.4,88,19.4,213,5176.00,-5.1,80,22.6,207,5931.00,-9.2,49,24.0,199,6752.49,-14.6,60,22.4,202,7654.32,-21.0,35,21.4,194,8653.15,-30.0,44,23.0,190,9770.97,-40.5,64,29.3,186,11041.91,-53.0,90,23.2,207,12518.61,-68.0,100,17.6,216,14307.46,-76.0,50,1.9,270,16675.00,-72.5,15,10.7,25,18748.64,-64.5,4,11.1,54,20765.52,-59.5,0,11.3,66,22142.86,-57.0,0,8.0,14,23953.27,-52.5,0,2.3,146,26545.46,-47.5,0,12.4,264,28420.38,-44.5,0,28.1,296,31115.94
2026-10-11T23:00,27.2,80,6.9,142,1016.8,27.0,76,14.2,151,154.00,26.5,71,12.9,166,378.00,25.5,69,9.2,197,608.00,24.0,68,8.6,227,842.00,21.9,72,8.8,238,1082.00,17.7,80,8.4,249,1575.00,15.0,71,7.1,220,2092.00,13.6,36,9.1,203,2638.00,10.3,28,10.4,209,3215.00,6.7,51,12.7,224,3827.00,2.4,88,14.4,225,4480.00,-1.2,87,19.5,216,5180.00,-5.4,83,21.0,214,5935.00,-9.2,65,23.2,207,6755.80,-15.0,50,22.4,202,7658.03,-21.4,40,21.1,191,8655.94,-30.0,56,24.8,186,9772.58,-40.5,69,28.6,184,11041.91,-53.5,88,22.3,206,12518.61,-68.5,97,18.7,214,14307.46,-75.5,47,3.2,270,16683.33,-72.0,11,12.2,25,18754.10,-64.5,4,12.2,65,20772.41,-59.0,0,10.7,65,22150.79,-58.5,0,9.0,21,23962.62,-51.0,0,0.9,315,26545.46,-47.5,0,16.7,283,28433.12,-46.0,0,23.9,303,31115.94
2026-10-12T00:00,27.0,80,6.6,146,1017.2,26.9,77,12.6,155,157.00,26.3,70,12.9,165,381.00,25.3,69,8.6,193,610.00,23.6,70,7.5,221,845.00,21.7,74,7.6,231,1084.00,17.7,79,6.8,237,1577.00,15.7,60,7.9,196,2095.00,13.9,32,8.0,207,2641.00,10.5,27,9.5,225,3218.00,6.5,53,12.0,239,3831.00,2.4,89,13.8,230,4483.00,-1.4,88,19.9,217,5183.00,-5.4,86,20.2,220,5937.00,-9.7,77,21.6,221,6759.12,-15.0,47,22.3,206,7659.26,-21.4,38,22.1,185,8657.34,-30.5,66,25.3,183,9772.58,-40.5,71,26.7,186,11041.91,-53.0,65,20.7,200,12520.93,-68.0,100,20.1,213,14307.46,-75.5,47,5.3,284,16683.33,-72.0,11,14.2,24,18759.56,-64.0,4,11.3,66,20772.41,-59.5,0,9.3,56,22158.73,-58.0,0,10.1,40,23962.62,-50.5,0,5.2,300,26556.82,-49.0,0,19.2,303,28445.86,-46.0,0,22.3,296,31115.94
2026-10-12T01:00,26.6,81,5.1,155,1017.4,26.5,79,10.9,161,159.00,25.6,74,13.9,161,382.00,24.5,75,10.3,173,611.00,23.3,73,6.0,213,845.00,21.5,75,6.4,228,1084.00,17.3,83,6.6,222,1577.00,16.1,51,8.4,187,2095.00,14.1,27,7.1,208,2641.00,10.7,26,8.2,235,3219.00,6.7,65,10.6,244,3832.00,2.6,86,15.7,232,4485.00,-1.2,87,19.7,224,5185.00,-5.4,93,17.3,236,5940.00,-9.7,85,20.2,230,6761.33,-15.3,62,23.4,214,7661.73,-21.8,42,20.9,187,8658.74,-30.5,50,26.6,183,9774.19,-40.5,64,26.4,191,11043.81,-53.0,63,21.5,196,12520.93,-68.0,86,21.0,214,14307.46,-75.5,47,6.5,307,16687.50,-71.5,11,16.3,23,18765.03,-64.0,4,10.4,60,20779.31,-60.5,0,10.4,60,22158.73,-57.0,0,11.9,45,23962.62,-51.5,0,5.8,297,26568.18,-48.5,0,17.9,314,28445.86,-46.0,0,21.2,293,31115.94
2026-10-12T02:00,26.2,83,2.7,172,1017.5,26.3,79,8.5,169,159.00,25.3,74,13.5,163,383.00,24.2,75,11.9,165,612.00,22.9,77,6.3,186,845.00,21.3,76,5.1,225,1084.00,17.4,79,6.6,211,1577.00,16.5,43,9.8,186,2095.00,14.1,26,7.5,203,2641.00,10.7,26,6.9,227,3219.00,6.7,72,9.2,246,3832.00,2.6,86,15.6,235,4486.00,-1.4,97,18.3,243,5185.00,-5.4,96,13.4,247,5940.00,-9.7,82,21.4,235,6761.33,-15.0,62,22.6,219,7661.73,-21.8,42,21.6,189,8658.74,-30.0,30,27.6,189,9774.19,-40.5,67,26.6,193,11043.81,-53.5,68,23.4,194,12520.93,-67.5,69,20.9,216,14310.45,-75.0,43,5.5,315,16687.50,-72.0,11,19.4,26,18770.49,-64.0,4,11.1,54,20779.31,-60.0,0,10.7,76,22166.67,-57.0,0,11.9,45,23971.97,-51.5,0,7.0,326,26568.18,-49.5,0,16.5,318,28445.86,-45.5,0,18.6,282,31115.94
2026-10-12T03:00,25.9,86,2.1,185,1017.3,26.1,81,7.9,171,157.00,25.2,76,12.9,166,381.00,24.3,74,12.2,167,609.00,23.0,75,7.8,182,843.00,21.3,76,5.5,204,1082.00,18.2,68,7.7,202,1575.00,16.5,41,10.5,192,2093.00,14.0,27,7.9,209,2640.00,10.7,26,6.9,223,3217.00,6.7,71,9.2,240,3830.00,2.6,91,13.1,246,4484.00,-1.2,91,13.0,249,5184.00,-5.4,91,16.4,236,5939.00,-10.0,86,22.8,235,6760.22,-15.0,53,21.5,224,7660.49,-21.8,38,22.0,194,8657.34,-30.0,22,32.7,194,9774.19,-41.0,60,30.6,201,11041.91,-53.0,58,23.6,196,12518.61,-66.5,51,20.3,233,14310.45,-74.5,37,6.4,315,16691.67,-72.5,15,21.2,31,18770.49,-64.0,4,10.5,47,20786.21,-60.5,0,9.4,74,22158.73,-56.5,0,12.2,58,23971.97,-51.5,0,9.0,330,26579.55,-49.0,0,10.5,313,28458.60,-45.5,0,20.3,279,31130.44
2026-10-12T04:00,25.3,90,2.5,225,1017.1,25.9,84,7.0,193,156.00,25.0,79,12.1,177,379.00,24.1,74,11.3,178,608.00,22.8,76,8.6,192,841.00,21.1,78,6.5,209,1080.00,17.6,76,7.1,209,1573.00,15.4,52,9.6,202,2090.00,13.3,33,7.4,212,2635.00,10.3,26,6.2,209,3211.00,6.8,71,7.8,223,3824.00,3.3,85,10.9,243,4479.00,-0.8,81,14.9,238,5180.00,-5.6,96,16.9,238,5935.00,-9.7,86,21.8,240,6754.70,-15.0,45,21.1,227,7656.79,-21.8,36,23.8,202,8653.15,-30.0,22,35.8,193,9770.97,-41.0,51,30.8,202,11040.00,-53.0,58,24.2,200,12516.28,-67.0,51,21.2,243,14307.46,-74.0,37,6.9,319,16687.50,-73.5,15,18.7,34,18765.03,-64.5,4,11.0,50,20772.41,-60.5,0,10.7,76,22150.79,-56.5,0,9.7,53,23953.27,-51.5,0,7.0,338,26568.18,-49.5,0,13.0,307,28433.12,-45.5,0,21.5,277,31115.94
2026-10-12T05:00,24.9,92,2.3,239,1016.8,25.5,85,6.0,213,153.00,24.8,81,10.5,185,376.00,23.9,76,10.3,187,605.00,22.8,74,8.1,200,838.00,21.0,77,6.9,218,1077.00,17.6,76,7.5,218,1569.00,15.2,59,8.6,208,2086.00,13.2,35,6.7,212,2631.00,10.2,26,6.0,207,3207.00,6.7,68,8.4,219,3820.00,3.3,84,9.7,231,4474.00,-1.0,85,15.5,242,5175.00,-5.6,90,16.5,244,5930.00,-9.7,85,19.7,247,6751.38,-15.0,47,19.7,224,7651.85,-21.4,25,25.2,209,8647.55,-30.0,26,35.8,193,9767.74,-41.5,53,31.0,206,11034.29,-53.0,63,23.6,201,12509.30,-67.0,57,20.9,244,14301.49,-74.0,37,7.8,318,16683.33,-74.0,19,18.8,44,18759.56,-65.0,4,10.5,47,20765.52,-61.0,0,8.1,61,22134.92,-56.5,0,9.0,69,23943.93,-52.0,0,8.1,331,26545.46,-50.0,0,9.3,304,28420.38,-46.0,0,21.5,277,31086.96
2026-10-12T06:00,24.6,93,2.6,261,1016.6,25.2,86,5.5,225,150.00,24.6,83,8.8,196,374.00,23.5,79,9.3,194,602.00,22.4,76,7.9,204,835.00,20.9,76,6.4,219,1073.00,17.6,77,7.3,222,1566.00,15.6,56,8.5,207,2083.00,13.4,34,7.5,214,2629.00,10.2,27,7.6,218,3205.00,6.2,64,8.9,230,3817.00,2.4,93,10.7,232,4470.00,-1.2,89,13.9,241,5170.00,-4.9,84,15.6,253,5925.00,-9.4,78,19.8,238,6746.96,-15.0,52,18.8,226,7648.15,-21.0,20,24.5,212,8643.36,-30.0,36,37.6,195,9762.90,-41.5,51,29.3,208,11030.48,-53.5,70,23.8,209,12504.65,-67.0,54,16.8,254,14298.51,-74.5,37,12.5,332,16679.17,-74.0,15,17.3,56,18754.10,-65.0,4,10.5,43,20751.73,-61.0,0,8.4,58,22126.99,-56.5,0,6.8,73,23934.58,-53.0,0,7.0,338,26534.09,-50.5,0,10.5,292,28394.91,-45.0,0,18.8,266,31072.47
2026-10-12T07:00,24.3,93,2.5,270,1016.3,25.2,85,5.8,228,148.00,24.6,81,8.2,211,371.00,23.4,79,8.6,209,599.00,22.1,78,8.0,215,832.00,20.7,78,6.6,224,1070.00,17.5,80,6.5,233,1563.00,15.6,58,7.8,214,2080.00,13.3,36,8.0,222,2625.00,10.0,28,7.8,223,3202.00,6.2,67,8.4,231,3813.00,2.4,90,11.7,233,4466.00,-1.6,92,13.6,242,5166.00,-5.1,81,15.2,250,5921.00,-9.2,63,19.8,238,6742.54,-15.0,45,18.0,232,7644.44,-21.0,20,22.7,217,8639.16,-30.5,30,37.0,191,9759.68,-41.5,51,29.0,207,11026.67,-53.0,65,23.5,219,12500.00,-67.0,57,17.5,268,14292.54,-74.5,40,11.1,339,16675.00,-74.0,15,16.4,56,18743.17,-65.0,4,10.2,55,20744.83,-61.5,0,8.0,76,22119.05,-56.0,0,6.1,18,23925.24,-53.0,0,3.9,351,26522.73,-50.0,0,15.4,298,28382.17,-44.0,0,22.5,258,31057.97
2026-10-12T08:00,24.2,92,2.8,231,1015.9,25.3,82,6.2,221,144.00,24.6,79,8.0,219,367.00,23.4,79,8.4,217,595.00,22.0,79,7.6,219,828.00,20.5,79,5.9,227,1067.00,17.6,78,5.7,245,1559.00,15.4,60,7.2,236,2076.00,13.0,38,7.4,243,2621.00,9.9,29,7.5,238,3197.00,6.2,69,9.3,235,3809.00,2.4,90,12.4,235,4462.00,-1.6,89,13.2,247,5161.00,-5.1,73,14.6,257,5915.00,-9.4,60,18.9,239,6737.02,-15.0,45,17.1,233,7639.51,-21.0,22,22.2,218,8634.97,-30.0,26,35.4,194,9753.23,-41.5,44,29.7,212,11020.95,-53.5,68,23.4,228,12495.35,-67.0,60,19.5,264,14286.57,-75.0,40,11.1,339,16666.67,-73.5,15,15.3,54,18732.24,-65.0,4,11.3,59,20737.93,-60.5,0,6.5,53,22111.11,-57.5,0,7.8,24,23915.89,-53.5,0,7.4,345,26500.00,-49.5,0,16.8,298,28369.43,-44.0,0,25.6,261,31057.97
2026-10-12T09:00,24.1,91,2.9,233,1015.9,25.2,81,6.7,229,144.00,24.6,79,8.3,227,367.00,23.2,80,8.1,226,595.00,21.9,82,7.2,226,828.00,20.3,81,6.0,233,1066.00,17.6,78,5.7,260,1559.00,15.0,64,6.0,262,2076.00,12.6,42,6.1,259,2620.00,9.9,30,7.4,240,3196.00,6.2,73,10.1,241,3807.00,2.2,90,12.3,244,4460.00,-1.4,80,13.7,247,5159.00,-4.9,67,14.0,248,5914.00,-9.7,63,19.4,244,6734.81,-15.3,43,16.9,238,7635.80,-21.0,24,21.7,219,8630.77,-30.0,24,34.6,197,9748.39,-41.5,42,29.8,214,11015.24,-53.5,68,24.1,234,12490.70,-67.0,60,19.0,262,14280.60,-75.0,40,14.6,347,16662.50,-74.0,19,14.3,51,18726.78,-64.5,4,10.4,60,20731.04,-60.0,0,9.0,30,22111.11,-58.0,0,8.7,42,23906.54,-53.5,0,5.8,333,26500.00,-50.0,0,17.8,303,28369.43,-44.5,0,26.6,266,31043.48
2026-10-12T10:00,24.0,91,2.8,219,1016.1,25.3,80,6.5,226,146.00,24.7,77,8.0,227,369.00,23.4,78,8.1,228,598.00,22.0,80,7.2,235,831.00,20.5,80,6.0,245,1069.00,17.6,77,6.0,279,1561.00,14.8,69,5.7,295,2078.00,12.5,45,5.1,273,2622.00,9.7,31,7.6,241,3197.00,6.0,73,10.1,245,3809.00,2.2,89,12.4,253,4461.00,-1.4,73,14.6,249,5160.00,-4.9,66,14.8,241,5916.00,-10.0,71,19.3,250,6735.91,-15.6,43,16.2,241,7635.80,-21.4,25,19.8,218,8629.37,-30.5,26,32.2,199,9746.77,-41.5,42,27.3,216,11013.33,-53.5,68,23.6,233,12488.37,-67.0,60,18.1,270,14280.60,-75.0,40,15.6,358,16662.50,-74.0,19,13.8,49,18726.78,-64.5,4,8.4,58,20737.93,-61.0,0,9.9,32,22111.11,-57.0,0,8.2,72,23906.54,-54.0,0,9.2,321,26500.00,-50.5,0,12.8,294,28356.69,-46.0,0,29.2,274,31043.48
2026-10-12T11:00,23.8,91,2.8,231,1016.3,25.0,82,5.7,239,148.00,24.6,78,6.9,238,371.00,23.4,79,7.2,240,599.00,22.0,80,6.7,249,832.00,20.4,81,6.2,262,1070.00,17.3,82,6.2,293,1562.00,14.6,74,5.6,309,2078.00,12.6,47,4.9,281,2622.00,9.9,33,7.7,247,3198.00,6.0,76,10.4,246,3810.00,2.4,83,13.3,255,4462.00,-1.2,69,15.8,255,5162.00,-5.1,66,15.9,243,5917.00,-10.0,74,18.9,254,6737.02,-15.6,45,16.2,241,7635.80,-21.8,31,17.9,224,8629.37,-30.5,26,29.4,202,9745.16,-41.5,42,25.5,216,11011.43,-53.5,50,21.9,236,12486.05,-67.0,63,18.2,266,14277.61,-75.0,37,15.6,5,16662.50,-74.0,19,13.0,53,18726.78,-64.5,4,8.4,32,20737.93,-62.0,0,9.3,56,22111.11,-56.5,0,8.1,61,23915.89,-54.5,0,7.6,329,26500.00,-49.5,0,13.5,287,28369.43,-46.5,0,26.6,273,31043.48
2026-10-12T12:00,24.4,89,2.7,270,1016.8,24.4,85,6.0,270,151.00,24.0,82,6.3,261,374.00,23.1,82,6.4,259,602.00,21.8,82,6.3,264,835.00,20.2,83,6.3,272,1072.00,17.0,84,6.3,291,1564.00,14.5,79,5.7,301,2080.00,12.5,56,5.6,286,2625.00,9.7,40,7.5,249,3201.00,5.8,80,9.9,242,3812.00,2.6,78,13.0,252,4464.00,-1.2,68,15.6,258,5164.00,-5.4,67,16.2,241,5919.00,-10.0,71,17.6,253,6739.23,-15.6,45,15.7,246,7637.04,-22.2,40,17.3,236,8630.77,-30.5,26,29.0,209,9745.16,-41.5,44,23.2,216,11011.43,-53.0,30,21.6,237,12486.05,-67.0,57,17.6,264,14277.61,-74.5,37,18.3,8,16662.50,-72.5,15,11.9,49,18726.78,-64.5,4,9.2,39,20744.83,-61.0,0,9.9,58,22119.05,-57.0,0,8.4,58,23925.24,-53.5,0,8.2,315,26500.00,-49.0,0,12.3,288,28369.43,-47.0,0,26.6,273,31043.48
2026-10-12T13:00,26.6,79,3.1,292,1017.4,24.3,88,5.8,296,157.00,23.7,85,5.9,288,379.00,22.9,83,5.7,280,607.00,21.5,83,5.5,279,840.00,20.1,83,5.8,281,1077.00,17.0,83,6.9,291,1569.00,14.5,81,7.0,298,2085.00,12.0,74,6.7,291,2629.00,9.4,51,7.2,257,3205.00,5.8,82,10.1,241,3816.00,2.8,70,12.9,248,4469.00,-0.8,64,15.4,262,5169.00,-5.4,64,16.3,247,5924.00,-10.0,68,17.0,252,6744.75,-15.9,55,16.6,249,7643.21,-23.3,45,15.5,237,8633.57,-30.5,28,27.5,214,9748.39,-41.5,40,22.0,225,11013.33,-53.0,30,21.0,236,12488.37,-66.5,51,15.8,261,14283.58,-75.0,40,21.9,12,16670.83,-72.0,11,12.1,36,18743.17,-64.0,4,10.1,45,20758.62,-61.5,0,11.1,54,22134.92,-57.5,0,8.4,67,23934.58,-51.5,0,9.2,321,26522.73,-50.5,0,10.7,295,28394.91,-46.5,0,28.6,274,31057.97
2026-10-12T14:00,28.6,70,3.7,321,1017.8,25.0,83,7.0,330,161.00,23.4,87,6.4,325,383.00,22.2,88,5.5,320,610.00,21.3,84,4.9,302,843.00,20.0,84,4.9,292,1080.00,17.3,81,6.6,292,1572.00,14.6,80,7.6,297,2089.00,11.9,82,7.8,293,2633.00,9.1,64,8.1,268,3209.00,5.7,84,10.4,246,3820.00,2.9,68,13.3,249,4472.00,-0.8,64,14.9,260,5173.00,-5.4,66,16.4,252,5928.00,-10.2,71,16.8,254,6748.07,-16.2,60,17.0,252,7645.68,-23.7,47,16.6,239,8636.36,-30.5,26,25.9,217,9750.00,-41.5,33,21.2,230,11015.24,-53.0,33,20.9,234,12490.70,-66.5,51,15.8,261,14286.57,-75.5,47,20.5,18,16675.00,-72.5,15,13.7,31,18748.64,-64.5,4,11.5,43,20765.52,-61.0,0,10.9,73,22134.92,-57.0,0,7.3,45,23943.93,-52.5,0,5.8,333,26545.46,-50.0,0,7.8,275,28407.64,-47.0,0,28.6,275,31072.47
2026-10-12T15:00,29.8,64,5.5,354,1017.8,25.2,80,9.7,348,162.00,23.4,85,8.4,343,384.00,22.1,87,6.8,337,611.00,20.8,88,5.8,326,843.00,19.9,86,5.7,304,1081.00,17.1,83,7.3,294,1572.00,14.6,80,7.5,291,2089.00,12.0,82,7.3,282,2633.00,9.3,73,9.1,264,3210.00,6.2,80,11.8,255,3822.00,2.9,66,14.3,254,4475.00,-0.8,67,14.5,257,5175.00,-5.6,67,16.8,254,5930.00,-10.2,71,16.4,252,6749.17,-16.2,63,16.4,252,7646.91,-23.3,42,16.8,242,8637.76,-30.5,26,24.4,220,9751.61,-41.0,33,19.8,232,11017.14,-53.0,43,21.0,236,12493.02,-66.5,49,16.7,257,14289.55,-75.0,43,18.3,32,16679.17,-73.0,15,16.5,26,18754.10,-64.5,4,11.0,62,20765.52,-60.0,0,9.6,62,22142.86,-57.5,0,7.3,45,23943.93,-51.5,0,1.8,315,26545.46,-49.0,0,10.2,288,28420.38,-47.0,0,24.8,264,31086.96
2026-10-12T16:00,30.4,61,6.5,10,1017.7,25.4,79,9.8,355,161.00,23.8,81,8.4,345,383.00,22.5,83,6.9,331,611.00,20.9,88,6.3,326,843.00,19.9,86,6.9,314,1080.00,17.4,82,8.9,298,1572.00,14.8,80,8.6,290,2089.00,12.0,82,7.5,275,2634.00,9.3,79,9.4,264,3210.00,6.2,79,12.5,258,3822.00,2.8,69,14.8,260,4475.00,-1.0,68,15.0,258,5175.00,-5.6,69,17.3,257,5930.00,-10.5,75,17.2,250,6749.17,-16.2,67,16.0,249,7645.68,-23.3,42,16.8,247,8637.76,-30.5,26,24.3,222,9750.00,-41.0,36,18.5,234,11017.14,-53.0,43,22.0,242,12493.02,-66.5,49,16.7,257,14286.57,-75.0,40,17.0,40,16679.17,-74.0,19,16.8,28,18754.10,-64.5,4,11.9,45,20765.52,-61.0,0,9.3,65,22142.86,-57.0,0,5.2,83,23943.93,-51.5,0,3.8,301,26545.46,-49.5,0,10.4,263,28420.38,-47.0,0,24.0,256,31086.96
2026-10-12T17:00,30.7,60,7.2,19,1017.0,25.4,79,10.1,4,155.00,24.0,80,8.5,348,377.00,22.7,82,7.4,328,605.00,21.0,88,7.1,317,837.00,19.8,87,7.8,303,1075.00,17.4,82,10.1,299,1567.00,14.8,81,9.9,292,2083.00,12.0,82,8.1,272,2628.00,9.3,82,9.8,262,3204.00,6.3,76,13.3,257,3817.00,3.1,66,15.6,262,4470.00,-1.0,68,15.8,264,5171.00,-5.6,74,17.8,260,5925.00,-10.5,82,17.2,250,6744.75,-16.2,68,15.7,246,7640.74,-22.9,53,17.0,252,8632.17,-30.5,26,24.8,229,9745.16,-41.0,38,17.1,233,11011.43,-53.0,45,19.9,251,12490.70,-66.0,46,16.5,259,14283.58,-75.0,40,15.3,36,16679.17,-74.0,19,16.4,34,18748.64,-65.0,4,12.4,47,20758.62,-61.5,0,8.5,81,22134.92,-56.5,0,4.6,98,23934.58,-52.5,0,3.9,279,26545.46,-49.0,0,12.5,242,28407.64,-46.5,0,24.4,253,31072.47
2026-10-12T18:00,29.7,65,7.9,28,1016.2,25.0,79,11.6,18,147.00,23.9,79,9.1,4,370.00,22.4,84,7.3,342,597.00,21.1,87,7.5,314,829.00,20.0,87,9.3,296,1067.00,17.1,85,10.3,295,1559.00,15.0,76,10.1,295,2076.00,12.2,80,8.8,278,2621.00,9.4,82,10.4,264,3197.00,6.5,74,14.0,259,3810.00,3.3,66,16.0,264,4464.00,-1.0,69,16.3,270,5165.00,-5.8,81,17.5,266,5919.00,-10.5,86,17.3,257,6738.12,-16.2,77,15.4,248,7634.57,-22.9,56,18.2,253,8626.57,-30.5,32,25.3,238,9738.71,-41.0,51,16.9,238,11005.72,-53.0,63,17.0,261,12483.72,-66.0,43,16.9,266,14277.61,-74.5,40,16.0,32,16675.00,-74.0,19,17.3,34,18743.17,-66.0,4,12.2,58,20744.83,-61.5,0,7.6,70,22119.05,-56.0,0,2.9,117,23925.24,-53.0,0,3.3,259,26522.73,-49.5,0,15.9,243,28394.91,-45.0,0,27.3,248,31057.97
2026-10-12T19:00,29.6,62,7.6,32,1015.3,25.0,71,11.9,26,140.00,23.9,73,9.6,15,362.00,22.6,80,7.6,355,589.00,21.5,83,7.4,322,821.00,20.4,84,9.5,298,1060.00,17.0,90,11.1,292,1552.00,15.4,70,10.0,297,2068.00,12.6,71,9.5,283,2614.00,9.6,79,11.7,268,3190.00,6.7,72,14.9,264,3803.00,3.3,65,16.4,267,4457.00,-0.8,68,16.3,274,5158.00,-5.6,80,16.9,272,5913.00,-10.8,82,14.3,267,6731.49,-16.2,80,15.2,250,7628.40,-22.6,53,19.2,258,8620.98,-30.5,30,24.7,240,9733.87,-41.0,51,17.7,242,11000.00,-53.5,68,17.2,259,12479.07,-66.0,43,17.7,278,14274.63,-75.0,43,15.3,36,16670.83,-74.5,19,18.5,36,18732.24,-66.5,4,12.2,58,20737.93,-62.0,0,7.8,66,22103.18,-55.5,0,1.4,333,23915.89,-53.0,0,5.2,240,26511.36,-51.0,0,17.7,246,28382.17,-43.0,0,32.8,252,31057.97
2026-10-12T20:00,28.8,60,7.2,33,1015.0,25.2,66,10.5,31,137.00,24.0,69,9.0,20,359.00,23.1,74,7.9,358,586.00,22.1,78,8.0,327,819.00,20.5,81,9.5,303,1057.00,17.0,89,11.8,291,1550.00,15.4,67,10.9,303,2066.00,12.9,61,10.4,288,2612.00,9.7,69,12.8,275,3189.00,6.7,68,15.6,270,3802.00,3.3,64,16.8,273,4456.00,-0.8,68,16.9,277,5157.00,-5.6,69,15.0,277,5912.00,-10.5,42,11.2,280,6730.39,-16.2,85,13.7,251,7627.16,-22.6,64,18.4,260,8619.58,-30.5,28,24.1,243,9732.26,-40.5,49,17.8,251,11000.00,-53.0,65,18.2,253,12476.74,-66.0,34,16.0,291,14274.63,-75.5,47,15.1,31,16670.83,-74.0,19,19.3,40,18732.24,-67.0,4,11.9,61,20731.04,-61.0,0,6.4,66,22095.24,-55.0,0,5.3,346,23915.89,-53.5,0,6.7,241,26511.36,-51.5,0,17.4,248,28369.43,-42.0,0,35.7,254,31057.97
2026-10-12T21:00,28.2,59,6.1,37,1014.7,25.4,63,8.7,37,134.00,23.9,65,7.7,23,356.00,23.4,69,8.0,354,584.00,22.2,73,8.8,327,817.00,20.9,76,10.2,305,1055.00,17.1,86,11.1,292,1548.00,15.6,65,11.8,307,2065.00,12.9,60,12.0,297,2610.00,9.9,61,13.7,283,3187.00,6.8,65,16.1,277,3800.00,3.3,66,17.0,279,4454.00,-1.0,69,17.0,279,5155.00,-5.4,53,14.4,278,5910.00,-10.0,9,10.1,285,6729.28,-16.5,90,13.4,256,7625.93,-22.9,82,18.4,260,8616.78,-30.5,32,23.6,249,9729.03,-40.5,47,18.9,254,10998.10,-53.0,58,19.2,258,12474.42,-65.5,29,16.2,307,14271.64,-75.5,50,15.7,30,16670.83,-74.5,19,19.7,44,18726.78,-67.0,4,11.3,66,20724.14,-59.5,0,6.0,41,22095.24,-56.5,0,9.1,360,23906.54,-53.5,0,7.0,236,26500.00,-51.0,0,16.2,254,28356.69,-42.5,0,36.3,254,31057.97
2026-10-12T22:00,27.1,61,4.7,45,1014.6,25.4,62,7.0,46,133.00,24.4,59,6.6,23,355.00,24.0,62,7.7,349,583.00,22.8,66,9.1,322,816.00,21.1,70,10.2,305,1055.00,17.9,71,10.5,300,1547.00,15.6,64,12.4,311,2065.00,12.7,61,13.5,301,2610.00,9.9,61,14.8,288,3187.00,6.5,67,16.5,283,3800.00,3.1,66,17.3,283,4453.00,-1.0,69,16.6,281,5153.00,-5.1,29,13.1,279,5908.00,-9.7,3,9.6,290,6728.18,-16.5,82,12.4,264,7624.69,-22.9,84,18.2,264,8616.78,-30.5,36,23.3,257,9729.03,-40.5,51,19.5,255,10998.10,-53.0,50,21.0,261,12476.74,-66.0,31,15.6,318,14271.64,-75.5,50,16.0,32,16670.83,-74.0,19,20.6,44,18726.78,-66.0,4,10.1,63,20724.14,-59.0,0,7.8,24,22103.18,-57.5,0,8.4,23,23915.89,-53.0,0,7.4,255,26500.00,-51.5,0,18.2,266,28369.43,-41.5,0,40.3,259,31057.97
2026-10-12T23:00,25.2,68,3.4,66,1014.7,25.3,61,6.0,61,133.00,24.9,54,5.2,28,356.00,24.5,55,6.5,339,584.00,23.2,57,8.8,312,817.00,21.3,61,10.0,301,1056.00,18.7,47,10.5,307,1549.00,15.7,49,12.2,315,2066.00,12.6,66,14.4,304,2611.00,9.6,66,15.4,294,3188.00,6.5,67,16.5,289,3800.00,3.1,49,17.6,288,4454.00,-1.2,68,16.7,283,5154.00,-4.7,9,12.1,286,5908.00,-9.7,3,9.6,298,6729.28,-16.5,62,11.0,270,7625.93,-22.6,82,18.2,268,8616.78,-30.5,56,22.1,267,9730.65,-40.5,49,20.1,249,10998.10,-52.5,40,22.8,263,12476.74,-65.5,26,14.6,339,14274.63,-76.0,50,17.3,34,16675.00,-73.5,19,22.0,47,18726.78,-65.0,4,11.9,49,20731.04,-59.5,0,9.0,30,22111.11,-58.5,0,7.2,27,23915.89,-53.0,0,7.9,261,26500.00,-49.0,0,17.5,270,28369.43,-42.0,0,40.8,270,31086.96
2026-10-13T00:00,24.7,69,3.1,72,1015.0,25.3,61,5.5,67,136.00,24.8,53,4.4,30,359.00,24.7,49,6.4,337,587.00,23.5,48,8.9,313,820.00,21.6,49,10.2,305,1059.00,18.9,30,10.1,309,1551.00,16.3,22,11.8,317,2069.00,12.6,61,13.7,306,2614.00,9.7,60,15.3,296,3190.00,6.7,46,16.6,290,3803.00,3.1,36,18.2,288,4456.00,-1.0,49,17.2,282,5155.00,-4.4,3,11.7,289,5910.00,-9.7,3,9.6,298,6731.49,-16.5,50,10.4,277,7628.40,-22.9,78,18.1,270,8619.58,-31.0,80,22.7,267,9732.26,-40.5,49,21.3,250,11000.00,-52.5,33,24.7,275,12479.07,-64.5,26,17.5,4,14277.61,-76.0,50,17.0,40,16679.17,-73.0,15,22.7,53,18737.71,-64.5,4,11.5,52,20744.83,-60.0,0,7.4,38,22126.99,-58.5,0,6.9,41,23925.24,-52.5,0,8.5,279,26511.36,-48.0,0,19.2,282,28382.17,-44.0,0,37.6,272,31086.96
2026-10-13T01:00,24.0,71,2.2,80,1015.2,25.3,61,4.3,72,137.00,24.7,53,3.7,29,360.00,24.6,47,6.5,335,588.00,23.4,46,9.2,317,821.00,21.3,47,10.1,310,1059.00,18.9,25,10.1,313,1551.00,16.6,15,11.7,318,2069.00,12.9,46,13.6,308,2614.00,9.9,46,15.1,298,3190.00,6.8,33,15.9,291,3803.00,3.3,24,17.2,288,4456.00,-0.8,35,16.2,283,5155.00,-4.2,0,10.7,295,5911.00,-9.7,5,10.1,297,6732.60,-16.5,40,9.8,278,7628.40,-22.9,73,17.5,272,8619.58,-31.0,78,22.0,272,9732.26,-40.5,44,22.2,255,11000.00,-52.5,28,22.8,275,12479.07,-64.5,26,18.6,12,14280.60,-76.0,50,17.9,41,16683.33,-72.5,15,21.9,56,18743.17,-64.5,4,11.1,54,20751.73,-60.5,0,7.4,38,22126.99,-58.5,0,7.6,59,23925.24,-52.0,0,8.4,274,26511.36,-48.0,0,20.1,285,28394.91,-44.5,0,35.7,274,31086.96
2026-10-13T02:00,23.6,73,1.2,72,1015.4,25.3,61,2.9,70,139.00,24.5,55,3.3,22,362.00,24.3,46,6.9,335,589.00,23.0,47,9.6,324,822.00,21.0,48,10.2,319,1060.00,18.7,25,10.3,316,1552.00,16.7,12,11.5,319,2068.00,13.4,25,13.4,309,2614.00,10.2,26,14.7,297,3190.00,7.2,16,14.7,291,3802.00,3.7,11,15.7,286,4455.00,-0.4,16,14.8,287,5156.00,-4.2,1,10.8,303,5912.00,-10.0,6,10.7,295,6732.60,-16.5,32,9.7,274,7629.63,-22.9,65,16.2,272,8620.98,-31.0,68,21.5,275,9732.26,-40.5,38,23.6,261,11000.00,-52.5,23,18.8,272,12479.07,-64.0,26,18.4,18,14283.58,-76.0,50,18.9,38,16683.33,-72.0,15,20.3,59,18748.64,-64.5,4,10.2,55,20758.62,-60.5,0,7.9,35,22134.92,-58.5,0,9.6,70,23934.58,-52.0,0,7.8,265,26522.73,-48.0,0,20.3,287,28394.91,-45.0,0,32.5,273,31086.96
2026-10-13T03:00,23.1,74,0.4,27,1015.5,25.2,62,1.7,54,140.00,24.3,56,3.0,8,363.00,24.0,47,7.1,336,590.00,22.5,48,9.8,329,823.00,20.7,49,10.2,325,1060.00,18.5,26,10.3,318,1552.00,16.7,10,11.3,318,2068.00,13.7,11,13.0,308,2614.00,10.3,11,14.2,297,3190.00,7.3,5,13.9,291,3802.00,3.9,3,14.1,284,4455.00,0.0,3,13.3,288,5156.00,-4.2,3,10.6,308,5913.00,-10.0,8,11.1,291,6733.70,-16.5,25,10.4,274,7629.63,-22.9,56,15.6,275,8620.98,-31.0,58,20.9,277,9732.26,-40.5,31,24.1,265,11000.00,-52.5,20,14.9,272,12479.07,-64.0,26,18.7,20,14286.57,-76.0,50,19.4,37,16687.50,-72.0,15,19.1,62,18754.10,-65.0,4,9.9,58,20765.52,-61.0,0,7.8,42,22134.92,-58.5,0,10.5,79,23934.58,-52.0,0,7.9,261,26522.73,-48.5,0,20.3,287,28407.64,-45.5,0,30.5,271,31086.96
2026-10-13T04:00,22.6,76,1.0,307,1015.3,24.9,63,1.2,351,138.00,24.1,57,3.1,349,361.00,23.7,49,7.1,336,588.00,22.2,49,9.5,333,820.00,20.3,51,9.7,329,1057.00,18.2,27,9.9,318,1549.00,16.6,9,11.6,314,2064.00,13.6,6,12.8,307,2610.00,10.3,6,13.5,297,3186.00,7.3,1,13.0,291,3798.00,4.1,0,13.2,284,4451.00,0.2,0,12.5,292,5152.00,-4.2,4,10.6,308,5909.00,-10.0,8,12.1,286,6729.28,-16.5,18,11.7,273,7625.93,-22.9,44,16.3,277,8616.78,-31.0,46,20.9,277,9727.42,-40.5,27,24.0,267,10994.29,-52.5,18,11.9,283,12474.42,-64.0,26,19.3,20,14283.58,-76.0,50,20.0,36,16683.33,-72.5,15,18.3,63,18748.64,-65.5,4,9.7,53,20758.62,-61.5,0,7.9,55,22126.99,-58.0,0,10.4,90,23925.24,-52.5,0,8.4,270,26511.36,-48.5,0,18.9,286,28394.91,-46.0,0,29.9,265,31072.47
2026-10-13T05:00,22.2,77,1.8,302,1015.1,24.6,64,2.3,312,136.00,24.0,58,3.8,335,358.00,23.3,51,7.0,333,585.00,21.9,51,9.1,335,818.00,20.0,53,9.4,333,1055.00,18.0,28,9.6,316,1545.00,16.3,10,12.1,309,2061.00,13.4,6,12.7,304,2605.00,10.3,4,13.0,296,3181.00,7.3,1,12.1,288,3793.00,4.1,1,12.7,282,4446.00,0.4,1,11.7,297,5148.00,-4.2,4,11.1,306,5906.00,-10.0,8,13.2,281,6725.97,-16.5,12,13.7,275,7622.22,-23.3,31,17.2,281,8612.59,-31.0,34,20.8,274,9722.58,-41.0,22,23.3,268,10988.57,-52.0,15,9.7,307,12469.77,-63.5,23,19.7,17,14277.61,-76.0,50,20.5,35,16679.17,-73.5,19,16.8,62,18743.17,-66.0,4,9.6,42,20744.83,-62.0,0,8.4,67,22111.11,-57.0,0,9.6,110,23906.54,-52.5,0,10.1,285,26511.36,-48.5,0,15.9,282,28382.17,-46.5,0,30.0,256,31057.97
2026-10-13T06:00,21.8,78,2.5,302,1014.8,24.2,65,3.7,309,134.00,23.9,58,4.7,329,356.00,23.0,53,7.2,334,583.00,21.5,53,9.0,337,815.00,19.6,55,9.2,335,1052.00,17.7,30,9.7,315,1542.00,16.1,11,12.6,305,2057.00,13.2,7,12.9,301,2601.00,10.3,4,12.6,295,3177.00,7.3,2,11.6,287,3789.00,4.1,3,12.2,283,4442.00,0.6,3,11.5,300,5144.00,-4.2,6,10.8,303,5902.00,-10.0,8,13.7,278,6721.55,-16.5,7,15.0,277,7618.52,-23.3,20,16.4,288,8608.39,-31.0,24,18.9,276,9717.74,-41.0,18,20.7,272,10982.86,-52.0,13,10.4,330,12465.12,-63.5,23,20.7,14,14274.63,-76.0,50,20.5,35,16675.00,-74.0,19,16.2,61,18737.71,-66.0,4,10.1,40,20737.93,-62.5,0,9.2,82,22103.18,-56.5,0,9.3,124,23897.20,-53.0,0,11.3,294,26500.00,-48.5,0,14.3,275,28369.43,-46.5,0,31.4,252,31043.48
2026-10-13T07:00,21.4,79,2.9,307,1014.6,23.9,65,5.0,312,132.00,24.0,56,6.0,330,354.00,22.9,53,8.0,335,581.00,21.3,54,9.6,339,813.00,19.5,54,9.9,336,1050.00,17.5,31,10.6,316,1540.00,15.8,12,13.0,304,2054.00,13.0,6,13.5,298,2598.00,10.3,4,13.1,293,3174.00,7.3,2,12.2,284,3786.00,4.1,3,12.8,284,4439.00,0.6,3,11.8,302,5141.00,-4.4,6,10.8,303,5898.00,-10.0,6,13.9,281,6718.23,-16.5,5,14.6,283,7614.82,-23.3,13,13.5,305,8604.20,-31.0,18,13.7,289,9712.90,-41.0,16,15.4,285,10977.14,-51.5,13,12.3,342,12460.47,-63.5,23,22.2,15,14271.64,-76.5,53,20.9,36,16670.83,-74.0,19,16.6,59,18732.24,-66.0,4,11.0,40,20731.04,-62.5,0,9.1,94,22095.24,-56.5,0,8.8,144,23897.20,-53.0,0,12.2,302,26488.64,-48.5,0,13.9,259,28356.69,-46.5,0,33.0,254,31028.99
2026-10-13T08:00,21.0,79,3.2,313,1014.4,23.6,64,6.2,319,131.00,24.1,54,7.8,334,353.00,22.9,52,9.3,337,580.00,21.1,54,10.5,338,811.00,19.4,53,11.0,334,1048.00,17.3,32,12.2,318,1537.00,15.4,13,13.5,303,2052.00,13.0,6,14.5,294,2595.00,10.3,4,14.0,291,3170.00,7.3,2,13.3,283,3782.00,3.9,3,13.8,287,4436.00,0.4,3,12.1,304,5137.00,-4.4,6,9.9,302,5895.00,-10.0,5,13.4,284,6713.81,-16.2,5,12.9,288,7611.11,-23.3,7,12.5,339,8601.40,-31.5,12,10.4,330,9709.68,-41.0,13,11.0,315,10973.33,-51.5,13,13.9,349,12455.81,-64.0,26,23.6,16,14268.66,-76.5,53,21.7,39,16666.67,-74.0,19,17.4,59,18726.78,-65.5,4,11.9,45,20724.14,-62.0,0,9.0,111,22095.24,-56.5,0,8.8,163,23887.85,-53.0,0,13.3,313,26488.64,-49.0,0,15.1,245,28356.69,-46.0,0,35.1,258,31028.99
2026-10-13T09:00,20.8,79,3.3,315,1014.3,23.4,63,7.1,323,129.00,24.1,52,8.9,337,351.00,22.8,52,10.2,341,578.00,21.0,54,11.1,340,809.00,19.3,52,11.7,335,1046.00,17.0,33,13.1,320,1535.00,15.2,14,14.0,304,2049.00,12.9,6,15.3,293,2592.00,10.3,4,14.6,290,3167.00,7.3,2,14.1,284,3779.00,3.9,3,14.5,290,4433.00,0.4,3,12.5,303,5134.00,-4.7,6,9.9,302,5891.00,-10.0,3,12.5,291,6710.50,-16.2,5,11.9,299,7607.41,-23.3,7,14.3,360,8597.20,-31.5,10,11.7,360,9704.84,-41.0,13,11.3,347,10967.62,-51.0,13,16.3,355,12451.16,-64.0,26,25.2,18,14265.67,-77.0,57,22.1,40,16662.50,-74.0,19,17.4,59,18721.31,-65.5,4,12.4,51,20717.24,-61.5,0,9.0,120,22087.30,-56.5,0,8.4,180,23887.85,-53.0,0,12.4,317,26477.27,-49.5,0,16.7,234,28343.95,-45.5,0,36.6,263,31014.50
2026-10-13T10:00,20.4,79,3.3,315,1014.5,23.2,63,7.7,326,131.00,23.9,52,9.6,342,353.00,22.6,52,10.3,346,580.00,20.9,54,11.0,346,811.00,19.2,53,11.7,341,1048.00,17.0,33,13.2,323,1536.00,15.2,14,14.6,308,2051.00,12.9,6,15.9,296,2594.00,10.3,4,15.2,292,3169.00,7.3,2,14.3,287,3781.00,3.9,3,14.9,293,4434.00,0.4,3,12.5,303,5135.00,-4.7,4,9.7,307,5892.00,-10.0,3,11.3,301,6711.60,-15.9,5,11.0,320,7608.64,-23.7,13,16.2,2,8598.60,-31.5,10,12.3,3,9706.45,-41.0,13,12.4,354,10969.53,-51.0,10,20.1,4,12453.49,-64.0,26,26.0,19,14268.66,-77.0,57,23.5,39,16666.67,-74.0,19,17.1,61,18726.78,-65.5,4,12.2,58,20724.14,-61.5,0,7.4,128,22095.24,-57.0,0,7.0,202,23897.20,-53.0,0,8.3,321,26477.27,-50.0,0,18.0,232,28343.95,-45.5,0,37.0,268,31014.50
2026-10-13T11:00,20.2,79,3.3,315,1014.8,23.1,64,8.2,332,134.00,23.7,53,9.7,347,355.00,22.5,52,10.3,352,581.00,20.7,55,10.9,354,813.00,19.0,54,11.3,350,1049.00,17.0,33,13.0,327,1538.00,15.3,15,15.5,311,2052.00,12.7,6,16.9,300,2595.00,10.2,4,15.7,297,3170.00,7.3,2,14.6,290,3782.00,3.9,3,14.6,295,4436.00,0.4,3,12.7,300,5137.00,-4.7,3,10.1,310,5893.00,-10.2,3,10.5,317,6711.60,-15.6,5,11.5,344,7608.64,-23.7,24,17.5,356,8598.60,-31.5,14,12.3,357,9706.45,-40.5,11,13.1,351,10969.53,-51.0,10,24.9,9,12458.14,-64.0,26,27.1,21,14271.64,-76.5,53,25.4,38,16666.67,-73.5,19,16.5,64,18726.78,-65.0,4,11.7,71,20724.14,-61.0,0,6.0,139,22095.24,-57.5,0,5.6,234,23906.54,-52.5,0,2.3,326,26488.64,-50.5,0,18.7,236,28356.69,-45.0,0,37.6,273,31028.99
2026-10-13T12:00,20.8,76,3.3,315,1015.1,23.2,63,8.3,333,136.00,23.5,54,9.6,349,357.00,22.3,53,10.1,355,583.00,20.6,55,10.7,358,815.00,18.9,55,11.1,354,1051.00,17.0,33,12.9,329,1539.00,15.3,15,16.2,314,2054.00,12.7,6,17.3,304,2597.00,10.2,4,16.0,299,3172.00,7.3,2,14.5,293,3784.00,3.9,3,14.4,297,4437.00,0.4,3,12.7,300,5138.00,-4.7,3,10.1,315,5894.00,-10.2,3,11.0,332,6712.71,-15.6,7,13.0,354,7609.88,-24.1,31,18.3,352,8600.00,-31.5,16,11.8,351,9708.06,-40.5,11,15.1,350,10971.43,-51.0,8,29.2,13,12460.47,-64.0,26,27.3,22,14274.63,-76.5,53,26.3,38,16670.83,-73.5,19,16.3,67,18732.24,-65.0,4,11.2,80,20731.04,-61.0,0,3.8,149,22103.18,-58.0,0,5.9,264,23915.89,-52.5,0,2.9,153,26488.64,-51.0,0,19.4,240,28356.69,-45.0,0,36.4,275,31028.99
2026-10-13T13:00,23.1,67,3.5,322,1015.5,23.7,61,7.9,332,139.00,23.4,54,8.7,345,360.00,22.1,55,9.3,351,586.00,20.3,56,10.0,354,818.00,18.7,55,11.0,351,1054.00,17.0,32,13.3,329,1542.00,15.3,15,16.2,316,2057.00,12.7,6,16.9,306,2600.00,10.2,4,15.5,300,3175.00,7.3,2,13.8,294,3787.00,3.9,3,14.0,298,4440.00,0.4,3,12.3,301,5141.00,-4.7,3,10.1,320,5897.00,-10.2,5,11.7,341,6716.02,-15.6,8,13.7,352,7612.35,-24.1,31,17.3,347,8602.80,-31.5,14,11.3,347,9711.29,-40.0,9,18.9,354,10975.24,-51.0,8,31.2,17,12465.12,-64.0,26,28.2,23,14280.60,-76.5,50,26.2,40,16675.00,-73.5,19,16.0,69,18737.71,-65.0,4,10.4,86,20737.93,-61.0,0,1.4,153,22111.11,-58.5,0,4.5,270,23915.89,-52.5,0,6.1,162,26500.00,-50.5,0,20.6,246,28369.43,-45.0,0,32.4,272,31043.48
2026-10-13T14:00,26.2,56,3.9,333,1015.8,24.4,58,7.1,328,141.00,23.4,55,7.8,335,363.00,21.8,57,8.4,341,589.00,20.2,58,9.4,345,820.00,18.7,56,10.7,343,1056.00,17.0,31,13.5,327,1545.00,15.2,16,16.0,316,2059.00,12.7,6,16.0,307,2602.00,10.3,3,14.9,301,3177.00,7.3,2,13.1,296,3789.00,3.9,3,13.6,299,4442.00,0.2,3,12.3,301,5143.00,-4.4,4,9.9,328,5899.00,-10.0,8,12.6,348,6719.34,-15.9,10,13.7,341,7616.05,-24.1,27,15.6,343,8604.20,-31.5,12,10.9,343,9714.52,-40.0,7,24.6,358,10980.95,-50.5,8,32.4,20,12469.77,-64.5,26,28.4,24,14283.58,-76.0,50,25.2,42,16679.17,-73.5,15,15.4,68,18737.71,-64.5,4,9.7,94,20744.83,-60.5,0,0.9,315,22119.05,-58.5,0,1.9,270,23925.24,-52.0,0,8.4,176,26511.36,-49.5,0,21.7,253,28382.17,-45.0,0,27.4,263,31057.97
2026-10-13T15:00,28.8,46,4.2,344,1015.9,25.1,55,6.4,331,144.00,23.6,54,7.0,329,366.00,22.0,57,7.9,331,592.00,20.2,58,9.0,336,823.00,18.9,56,10.3,334,1059.00,16.9,33,13.4,324,1548.00,15.2,16,15.7,316,2062.00,12.7,6,15.6,308,2605.00,10.3,3,14.1,301,3180.00,7.3,2,12.8,297,3792.00,3.9,3,13.3,300,4445.00,0.2,3,11.8,302,5146.00,-4.4,6,9.6,332,5902.00,-10.0,11,13.9,349,6722.65,-16.2,13,13.9,332,7618.52,-24.1,24,14.2,336,8606.99,-31.5,10,11.1,339,9717.74,-39.5,4,28.6,4,10984.76,-50.5,8,34.3,22,12474.42,-64.5,26,28.7,25,14289.55,-76.0,50,24.3,44,16683.33,-73.5,15,14.8,67,18743.17,-64.5,4,9.2,98,20751.73,-60.5,0,2.0,342,22126.99,-58.5,0,0.0,270,23925.24,-52.0,0,11.0,183,26522.73,-49.0,0,22.6,257,28394.91,-45.0,0,25.0,253,31072.47
2026-10-13T16:00,30.3,40,4.7,355,1015.4,25.6,53,6.5,344,138.00,24.2,51,6.9,330,361.00,22.5,54,7.7,325,587.00,20.7,57,8.7,325,819.00,19.1,57,9.7,323,1055.00,16.5,40,12.7,317,1544.00,15.2,16,15.7,316,2058.00,12.9,6,15.3,309,2601.00,10.3,3,13.9,302,3176.00,7.5,2,12.8,297,3788.00,3.9,3,13.3,300,4442.00,0.2,3,12.1,304,5143.00,-4.2,6,9.9,328,5899.00,-10.0,14,14.6,347,6720.44,-16.5,17,14.6,328,7616.05,-23.7,18,13.1,327,8604.20,-31.0,8,11.7,341,9716.13,-39.5,4,31.8,12,10984.76,-50.5,8,37.2,23,12474.42,-64.5,23,28.4,27,14289.55,-76.5,53,22.9,45,16683.33,-73.5,15,14.5,63,18737.71,-65.0,4,8.6,103,20744.83,-60.5,0,1.3,360,22119.05,-58.0,0,1.4,63,23925.24,-52.0,0,14.0,193,26522.73,-49.0,0,22.5,258,28394.91,-44.5,0,26.4,245,31072.47
2026-10-13T17:00,31.2,36,5.1,4,1014.6,26.0,51,7.4,360,133.00,24.9,47,7.3,336,355.00,23.2,50,7.7,322,583.00,21.2,54,8.4,314,814.00,19.3,57,9.2,308,1051.00,16.2,50,11.9,308,1540.00,15.3,17,15.8,316,2054.00,12.9,6,15.3,309,2597.00,10.5,3,13.9,302,3173.00,7.5,2,13.0,298,3785.00,4.1,3,13.1,303,4438.00,0.2,3,12.8,305,5139.00,-4.2,7,10.2,325,5896.00,-9.7,18,15.6,343,6717.13,-16.9,22,15.3,324,7612.35,-23.7,13,12.4,317,8602.80,-31.0,6,12.7,345,9712.90,-39.0,4,33.8,20,10984.76,-51.0,8,40.7,22,12476.74,-64.5,20,27.3,28,14289.55,-76.5,60,21.6,49,16679.17,-74.0,19,14.0,56,18737.71,-65.5,4,8.6,103,20737.93,-60.5,0,1.3,90,22119.05,-57.5,0,2.7,45,23915.89,-52.5,0,16.6,201,26511.36,-49.0,0,21.1,259,28382.17,-43.5,0,30.5,241,31072.47
2026-10-13T18:00,31.6,35,5.4,15,1013.9,26.3,50,7.9,11,127.00,25.4,45,7.2,342,350.00,23.8,47,7.6,318,578.00,21.8,52,8.4,305,810.00,19.6,57,9.4,297,1047.00,15.9,57,11.6,299,1536.00,15.3,18,15.7,315,2050.00,13.0,6,15.5,310,2593.00,10.5,3,13.9,302,3169.00,7.7,2,13.1,300,3781.00,4.1,3,13.4,304,4435.00,0.2,3,13.1,307,5136.00,-4.0,7,10.6,322,5893.00,-9.7,20,16.0,339,6714.92,-17.2,23,15.7,322,7609.88,-23.3,7,11.9,315,8600.00,-30.5,4,14.4,352,9711.29,-39.0,4,35.9,26,10984.76,-51.0,10,44.2,22,12476.74,-64.5,20,27.3,28,14289.55,-77.0,63,19.7,49,16679.17,-74.0,19,13.9,53,18732.24,-66.0,4,7.9,99,20731.04,-60.5,0,2.7,104,22111.11,-57.0,0,3.2,53,23915.89,-52.5,0,18.0,210,26511.36,-49.5,0,19.7,261,28382.17,-42.5,0,33.4,238,31072.47
2026-10-13T19:00,31.2,37,5.6,25,1013.3,26.3,51,7.8,22,123.00,25.4,46,6.5,353,346.00,24.0,47,6.7,319,574.00,22.2,51,8.3,300,806.00,20.1,55,9.9,291,1043.00,16.1,59,12.0,293,1533.00,15.2,21,15.3,314,2047.00,13.0,6,15.4,313,2590.00,10.5,3,14.2,304,3166.00,7.7,2,13.3,301,3778.00,4.2,4,13.5,308,4432.00,0.4,3,13.8,310,5134.00,-4.0,7,11.5,322,5891.00,-9.7,18,16.3,337,6712.71,-17.2,22,15.6,318,7607.41,-22.9,5,11.9,331,8597.20,-30.0,2,18.2,2,9709.68,-39.0,4,35.6,27,10984.76,-51.0,13,47.3,23,12476.74,-64.5,23,29.0,27,14289.55,-77.0,63,17.4,48,16675.00,-74.0,19,14.8,52,18732.24,-66.0,4,6.5,90,20731.04,-61.0,0,3.3,101,22103.18,-56.5,0,3.5,68,23915.89,-52.5,0,18.3,222,26511.36,-50.0,0,18.4,260,28382.17,-42.0,0,34.9,239,31072.47
2026-10-13T20:00,30.3,41,5.7,38,1012.8,26.1,53,7.4,33,119.00,25.2,48,5.9,8,342.00,24.0,48,5.6,321,569.00,22.5,49,8.1,297,802.00,20.7,52,10.6,290,1040.00,16.4,59,12.7,288,1530.00,14.9,25,14.7,313,2044.00,13.0,7,15.7,317,2587.00,10.5,3,14.3,307,3163.00,7.7,4,13.2,303,3775.00,4.2,4,13.5,311,4430.00,0.6,3,13.8,313,5131.00,-4.0,6,12.4,321,5889.00,-10.0,14,16.8,332,6710.50,-17.2,17,14.7,315,7604.94,-22.6,4,13.0,354,8595.81,-30.0,2,23.5,8,9709.68,-39.0,4,33.3,27,10984.76,-50.5,15,50.2,24,12476.74,-65.0,29,31.3,24,14286.57,-76.5,60,15.1,47,16675.00,-74.5,19,15.8,55,18726.78,-65.5,4,5.5,69,20724.14,-61.0,0,3.5,112,22103.18,-56.0,0,3.9,99,23906.54,-53.0,0,18.9,239,26511.36,-50.5,0,16.5,259,28369.43,-41.5,0,34.8,241,31072.47
2026-10-13T21:00,29.1,46,5.4,49,1012.5,25.9,55,6.7,46,115.00,25.0,50,5.2,23,338.00,24.0,49,4.9,324,565.00,22.8,48,8.2,299,798.00,21.1,49,11.2,291,1036.00,16.7,58,13.2,287,1527.00,14.8,27,14.3,313,2041.00,13.0,7,15.7,320,2584.00,10.5,3,14.8,309,3160.00,7.8,4,13.3,307,3772.00,4.4,5,13.7,315,4427.00,0.8,3,13.8,320,5129.00,-4.0,6,13.5,325,5887.00,-10.2,11,17.4,333,6708.29,-17.2,13,14.3,321,7602.47,-22.6,4,16.4,9,8593.01,-29.5,2,27.2,12,9708.06,-39.0,4,32.2,25,10984.76,-50.5,18,52.5,24,12476.74,-65.0,34,32.8,22,14286.57,-76.5,57,14.2,43,16670.83,-74.5,19,16.4,56,18726.78,-65.0,4,5.6,54,20724.14,-61.5,0,3.3,101,22095.24,-55.5,0,4.3,117,23906.54,-53.0,0,19.1,252,26511.36,-50.5,0,15.3,258,28369.43,-41.5,0,35.6,243,31072.47
2026-10-13T22:00,27.3,54,4.3,63,1012.5,25.8,56,5.9,63,117.00,25.0,50,4.5,36,340.00,24.2,48,4.9,324,567.00,23.0,46,9.3,303,800.00,21.2,47,12.3,296,1038.00,16.7,58,13.5,291,1529.00,14.9,25,14.3,316,2043.00,13.2,7,15.4,323,2586.00,10.7,3,14.9,312,3162.00,8.0,4,13.5,310,3774.00,4.6,5,13.8,318,4430.00,0.8,3,13.7,328,5132.00,-4.0,9,14.2,336,5890.00,-10.5,11,18.0,334,6711.60,-16.9,8,15.2,340,7606.17,-22.6,2,19.9,19,8597.20,-29.0,2,28.0,13,9712.90,-39.0,4,33.1,23,10990.48,-50.5,18,53.1,24,12481.40,-65.0,40,32.4,20,14289.55,-76.5,53,15.2,40,16675.00,-74.5,19,15.7,60,18732.24,-65.0,4,6.1,58,20731.04,-61.5,0,3.3,79,22103.18,-55.5,0,5.5,135,23915.89,-52.5,0,17.6,264,26511.36,-50.0,0,13.7,265,28382.17,-42.0,0,36.5,245,31086.96
2026-10-13T23:00,25.2,63,3.1,90,1012.8,25.8,57,5.3,86,118.00,25.0,49,3.7,54,341.00,24.5,46,5.1,325,568.00,23.2,45,10.9,307,802.00,21.2,46,13.6,302,1040.00,16.4,58,13.9,297,1530.00,15.0,21,14.8,320,2044.00,13.2,7,15.1,326,2587.00,10.8,3,15.2,315,3164.00,8.3,4,13.7,314,3777.00,4.6,6,13.2,320,4432.00,1.0,3,13.2,337,5136.00,-4.0,13,15.8,351,5894.00,-10.8,14,18.9,338,6713.81,-16.2,5,19.4,360,7609.88,-22.6,2,24.1,24,8601.40,-28.5,2,27.5,15,9716.13,-39.0,4,34.4,20,10994.29,-51.0,20,52.0,23,12483.72,-65.5,46,30.9,20,14292.54,-76.0,50,16.2,37,16683.33,-74.5,19,15.1,65,18732.24,-65.0,4,6.1,72,20744.83,-61.5,0,4.3,63,22111.11,-56.0,0,6.7,151,23915.89,-52.5,0,15.6,275,26522.73,-49.5,0,11.7,276,28394.91,-42.5,0,37.7,246,31086.96
2026-10-14T00:00,23.6,70,2.6,126,1013.1,25.6,58,4.6,112,120.00,25.0,49,2.3,75,343.00,24.6,45,5.2,317,570.00,23.2,44,11.7,309,804.00,21.1,46,14.2,307,1042.00,16.3,57,13.9,303,1532.00,15.2,18,14.7,324,2046.00,13.3,7,14.8,328,2589.00,11.0,3,15.2,317,3166.00,8.5,4,14.0,317,3779.00,4.8,6,13.0,325,4435.00,1.0,4,13.1,344,5139.00,-4.0,16,16.9,358,5897.00,-10.8,15,19.1,342,6717.13,-15.9,3,23.8,11,7613.58,-22.9,4,27.0,27,8605.60,-28.5,2,26.9,15,9720.97,-39.0,4,36.3,19,11000.00,-51.0,20,51.1,22,12488.37,-65.5,49,30.5,17,14295.52,-76.0,50,17.3,34,16687.50,-74.5,19,14.6,69,18737.71,-65.0,4,6.6,79,20751.73,-61.0,0,5.2,60,22119.05,-56.5,0,7.6,160,23925.24,-52.0,0,14.3,288,26522.73,-49.0,0,11.2,280,28407.64,-43.0,0,37.4,247,31101.45
2026-10-14T01:00,22.8,73,2.5,162,1013.4,25.3,59,4.2,152,122.00,24.9,50,1.6,187,345.00,24.4,47,5.0,292,572.00,23.0,45,11.0,308,805.00,20.9,47,13.5,311,1043.00,16.2,55,12.9,312,1533.00,15.2,17,14.0,326,2047.00,13.3,7,14.0,329,2590.00,11.1,3,14.5,320,3167.00,8.7,4,14.1,322,3781.00,5.0,6,12.7,331,4437.00,1.0,7,12.8,351,5141.00,-4.0,17,16.9,358,5899.00,-10.2,17,19.5,354,6720.44,-15.9,8,25.8,18,7617.28,-23.3,9,27.5,27,8608.39,-28.5,2,27.1,17,9724.19,-39.0,4,38.5,20,11001.91,-51.0,20,49.7,22,12490.70,-65.5,49,31.6,15,14298.51,-76.0,50,16.0,32,16687.50,-74.0,19,14.2,66,18743.17,-65.0,4,6.0,77,20751.73,-60.5,0,5.9,84,22126.99,-56.5,0,8.2,162,23934.58,-52.0,0,13.9,298,26534.09,-48.0,0,11.7,264,28420.38,-43.0,0,35.7,248,31115.94
2026-10-14T02:00,22.5,74,2.8,196,1013.7,24.8,60,5.6,194,124.00,24.7,52,5.3,220,346.00,23.9,49,6.1,266,573.00,22.5,47,9.5,305,807.00,20.5,48,11.8,317,1044.00,16.2,53,11.9,322,1534.00,15.2,17,13.0,329,2047.00,13.4,6,13.0,328,2591.00,11.3,3,13.9,323,3168.00,8.7,4,13.7,326,3782.00,5.0,5,12.9,338,4438.00,1.2,11,12.7,355,5143.00,-4.2,17,17.0,353,5901.00,-9.7,18,21.1,11,6722.65,-15.9,15,26.5,22,7620.99,-23.7,16,26.7,26,8611.19,-29.0,2,27.7,16,9727.42,-39.5,4,41.3,22,11005.72,-51.0,23,47.1,23,12490.70,-65.5,46,32.8,15,14298.51,-76.5,53,14.8,29,16687.50,-74.0,15,13.3,61,18743.17,-65.0,4,5.8,63,20758.62,-60.0,0,8.2,108,22134.92,-56.5,0,8.4,157,23943.93,-52.0,0,13.5,305,26534.09,-47.0,0,13.9,242,28420.38,-43.0,0,32.8,248,31130.44
2026-10-14T03:00,22.2,74,3.5,218,1013.9,24.4,60,7.2,216,126.00,24.6,53,7.6,233,348.00,23.5,51,7.2,262,575.00,22.2,49,8.6,304,808.00,20.3,49,10.7,319,1045.00,16.2,51,11.1,329,1535.00,15.2,17,11.9,330,2048.00,13.4,6,12.4,328,2592.00,11.4,3,13.5,325,3169.00,8.7,4,13.7,330,3784.00,5.2,5,12.9,344,4440.00,1.2,15,12.6,360,5145.00,-4.2,17,16.4,351,5903.00,-9.2,20,21.9,19,6725.97,-15.9,25,26.7,23,7624.69,-23.7,22,25.3,23,8613.99,-29.0,2,28.9,16,9730.65,-39.5,7,42.7,22,11007.62,-51.0,23,45.4,22,12493.02,-65.5,43,34.7,14,14301.49,-76.5,53,13.4,23,16687.50,-73.5,15,13.1,57,18748.64,-65.0,4,5.2,60,20758.62,-59.5,0,9.6,118,22142.86,-56.5,0,7.8,156,23953.27,-52.0,0,11.9,311,26545.46,-46.5,0,17.1,233,28433.12,-43.0,0,31.2,249,31144.93
2026-10-14T04:00,21.8,73,3.8,235,1013.7,24.0,60,7.1,241,124.00,24.6,51,7.6,258,346.00,23.4,50,7.8,279,573.00,22.0,49,9.3,307,805.00,20.1,50,10.6,318,1042.00,16.2,50,10.0,327,1532.00,15.4,15,11.0,329,2045.00,13.6,6,12.0,328,2589.00,11.4,3,13.3,326,3166.00,8.7,4,13.3,333,3781.00,5.3,5,12.7,348,4438.00,1.2,17,12.1,360,5143.00,-4.2,13,16.3,353,5901.00,-9.2,22,19.9,19,6723.76,-15.9,37,26.6,18,7622.22,-23.3,20,23.8,17,8612.59,-29.0,2,30.6,13,9729.03,-40.0,16,42.6,20,11005.72,-51.0,25,44.7,19,12490.70,-65.5,40,35.8,13,14298.51,-76.5,53,13.4,14,16683.33,-73.5,15,12.6,55,18743.17,-65.0,4,4.9,67,20751.73,-59.5,0,8.8,126,22134.92,-56.5,0,7.0,158,23943.93,-51.5,0,8.3,309,26534.09,-46.5,0,18.8,229,28420.38,-43.5,0,31.2,253,31130.44
2026-10-14T05:00,21.4,72,3.8,255,1013.4,23.7,59,7.8,273,121.00,24.6,48,8.7,292,343.00,23.3,49,9.5,303,570.00,21.9,49,10.6,311,803.00,20.0,51,10.7,314,1040.00,16.2,49,8.9,318,1529.00,15.7,12,10.7,326,2043.00,13.6,5,11.5,329,2587.00,11.4,3,13.0,325,3164.00,8.7,5,12.6,335,3778.00,5.7,6,12.5,352,4435.00,1.0,19,11.6,357,5140.00,-4.0,9,16.9,356,5898.00,-9.2,25,16.2,16,6721.55,-16.2,52,27.1,11,7620.99,-22.6,15,22.5,12,8609.79,-29.0,2,32.4,12,9729.03,-40.5,27,41.0,16,11001.91,-51.5,28,43.9,16,12486.05,-65.0,40,37.7,12,14292.54,-76.5,53,15.0,5,16679.17,-74.0,19,12.2,58,18737.71,-65.0,4,5.3,76,20744.83,-60.0,0,6.9,131,22119.05,-56.0,0,6.0,167,23934.58,-51.5,0,4.3,297,26534.09,-47.0,0,20.2,230,28420.38,-43.5,0,32.1,256,31130.44
2026-10-14T06:00,21.0,71,4.1,270,1013.1,23.4,58,9.4,291,119.00,24.6,46,10.9,310,341.00,23.3,47,11.5,316,568.00,21.8,49,11.7,315,800.00,19.9,51,10.9,313,1037.00,16.2,48,8.7,313,1526.00,15.7,11,10.3,325,2040.00,13.6,5,11.1,329,2584.00,11.3,3,12.5,326,3161.00,8.7,5,12.5,337,3775.00,5.9,8,12.1,352,4433.00,1.0,19,11.6,355,5138.00,-3.7,7,16.9,356,5896.00,-9.2,28,13.7,8,6719.34,-16.2,58,27.3,4,7618.52,-22.2,13,22.8,5,8608.39,-29.0,4,35.5,9,9727.42,-40.5,38,41.0,12,11000.00,-51.5,30,43.2,13,12483.72,-65.0,40,38.9,11,14289.55,-76.5,53,16.2,360,16675.00,-74.0,19,11.3,59,18732.24,-65.0,4,5.9,84,20737.93,-60.5,0,5.1,140,22111.11,-56.0,0,5.2,173,23925.24,-51.0,0,2.3,236,26522.73,-47.5,0,20.7,231,28407.64,-44.0,0,32.4,258,31115.94
2026-10-14T07:00,20.7,71,4.1,278,1012.9,23.2,58,10.0,297,118.00,24.6,45,11.5,316,340.00,23.3,46,11.9,322,567.00,21.7,48,11.7,320,799.00,19.8,51,11.0,316,1036.00,16.2,45,9.7,315,1525.00,15.4,12,10.1,326,2038.00,13.3,5,10.2,328,2582.00,11.1,4,12.1,326,3158.00,8.7,6,12.5,337,3772.00,5.9,9,11.7,349,4430.00,1.0,17,12.2,353,5135.00,-3.5,13,16.3,353,5894.00,-9.2,34,14.3,3,6717.13,-16.2,53,27.9,360,7616.05,-22.2,15,25.3,360,8605.60,-29.0,8,39.3,9,9725.81,-40.5,44,42.2,11,10998.10,-51.5,35,42.2,11,12481.40,-65.0,43,40.7,9,14286.57,-77.0,57,17.5,358,16670.83,-74.0,19,11.3,59,18726.78,-65.0,4,5.3,76,20731.04,-60.5,0,4.1,141,22111.11,-56.0,0,5.9,174,23925.24,-51.0,0,2.9,207,26522.73,-48.0,0,20.5,235,28407.64,-44.0,0,32.5,257,31101.45
2026-10-14T08:00,20.4,71,3.8,285,1012.8,23.1,58,9.7,300,117.00,24.5,45,11.3,319,338.00,23.3,45,11.5,327,565.00,21.7,47,11.5,324,797.00,19.6,51,11.4,321,1034.00,16.3,41,11.4,321,1523.00,14.9,14,10.3,330,2037.00,13.0,6,9.0,326,2579.00,11.1,4,11.3,326,3156.00,8.7,6,12.8,333,3770.00,5.7,10,11.2,342,4427.00,1.2,16,13.4,349,5132.00,-3.5,23,16.0,346,5891.00,-9.4,40,16.3,355,6713.81,-15.9,43,27.9,356,7612.35,-22.6,20,28.6,355,8604.20,-29.0,16,44.5,8,9722.58,-40.0,51,43.6,11,10994.29,-52.0,43,41.2,8,12476.74,-65.5,46,42.5,8,14283.58,-77.0,57,18.8,358,16666.67,-73.5,15,11.1,54,18721.31,-64.5,4,4.9,67,20731.04,-60.5,0,2.7,135,22103.18,-56.5,0,7.8,175,23915.89,-51.0,0,3.8,211,26522.73,-49.0,0,20.6,242,28394.91,-44.0,0,32.8,255,31086.96
2026-10-14T09:00,20.2,71,3.8,291,1012.8,22.9,58,9.5,303,116.00,24.4,45,11.0,322,337.00,23.3,44,11.2,331,564.00,21.7,46,11.3,330,796.00,19.6,50,11.4,326,1033.00,16.3,40,12.2,328,1522.00,14.4,17,10.1,335,2035.00,12.7,7,8.1,324,2577.00,11.0,6,10.9,326,3153.00,8.7,7,12.8,333,3767.00,5.5,11,11.1,337,4424.00,1.2,16,14.7,345,5129.00,-3.5,30,16.4,342,5889.00,-9.4,46,18.3,352,6711.60,-15.9,37,28.1,352,7609.88,-22.6,24,33.2,354,8601.40,-29.0,20,47.8,9,9720.97,-40.0,53,45.5,11,10992.38,-52.0,45,39.8,7,12474.42,-65.5,49,43.7,7,14280.60,-77.5,60,20.1,358,16662.50,-73.5,15,11.5,52,18715.85,-64.5,4,5.2,60,20724.14,-60.5,0,2.3,124,22103.18,-56.5,0,8.4,176,23915.89,-51.0,0,4.9,203,26522.73,-49.5,0,20.3,248,28394.91,-43.5,0,32.2,255,31072.47
2026-10-14T10:00,19.7,73,3.8,294,1013.1,22.6,59,9.7,307,119.00,24.2,46,11.5,326,340.00,23.2,44,11.5,335,567.00,21.5,45,11.3,337,799.00,19.6,49,11.0,337,1036.00,16.2,46,11.8,344,1525.00,14.0,22,9.5,345,2038.00,12.5,8,8.0,326,2579.00,10.8,6,10.5,329,3155.00,8.7,8,12.6,335,3769.00,5.3,15,11.9,333,4425.00,1.2,19,16.8,340,5130.00,-3.7,34,17.4,338,5889.00,-9.7,49,19.2,348,6711.60,-15.9,42,28.6,347,7609.88,-22.6,25,39.6,356,8601.40,-29.0,22,48.5,8,9720.97,-40.0,51,48.7,10,10992.38,-51.5,40,38.3,4,12476.74,-65.5,51,42.3,5,14280.60,-77.5,60,20.7,360,16662.50,-73.0,15,11.9,49,18715.85,-64.5,4,5.8,63,20731.04,-60.5,0,3.2,127,22111.11,-56.5,0,8.4,184,23915.89,-51.5,0,7.4,195,26522.73,-49.5,0,20.7,256,28394.91,-43.0,0,31.4,262,31072.47
2026-10-14T11:00,19.3,75,3.8,294,1013.6,22.2,60,10.2,310,123.00,24.0,47,11.9,330,344.00,23.1,45,11.8,339,571.00,21.5,45,11.5,345,803.00,19.6,48,11.2,351,1039.00,15.8,55,11.9,5,1528.00,13.6,27,9.2,358,2040.00,12.2,8,7.9,331,2582.00,10.5,6,10.5,333,3156.00,8.5,9,11.8,339,3770.00,5.2,19,13.2,334,4427.00,1.0,23,18.6,335,5131.00,-4.0,36,18.8,333,5890.00,-10.0,52,20.1,345,6711.60,-16.2,50,29.3,342,7609.88,-22.6,27,47.3,359,8600.00,-29.5,22,47.7,8,9719.35,-40.5,49,51.9,9,10990.48,-51.5,30,37.0,2,12476.74,-65.5,51,40.2,3,14283.58,-78.0,63,20.7,2,16666.67,-73.0,11,12.4,43,18721.31,-64.0,4,7.0,68,20731.04,-60.0,0,5.1,130,22111.11,-57.0,0,8.4,203,23925.24,-52.0,0,9.8,188,26522.73,-49.5,0,22.2,263,28394.91,-43.0,0,30.5,270,31086.96
2026-10-14T12:00,20.0,73,3.9,297,1014.0,22.3,60,10.0,313,126.00,23.9,48,12.0,331,347.00,23.0,46,12.0,341,574.00,21.4,45,11.5,349,806.00,19.6,48,11.3,359,1042.00,15.7,62,12.4,17,1531.00,13.4,32,9.2,7,2043.00,12.0,9,7.9,335,2584.00,10.3,7,10.5,338,3158.00,8.3,12,11.9,343,3772.00,5.0,23,14.2,334,4428.00,0.8,27,20.2,332,5132.00,-4.2,37,20.0,331,5890.00,-10.0,54,21.7,343,6711.60,-16.2,55,30.7,342,7609.88,-22.6,27,52.5,1,8600.00,-29.5,24,47.1,8,9719.35,-40.5,44,53.7,8,10990.48,-51.0,23,36.3,360,12479.07,-65.5,51,38.3,2,14283.58,-78.0,63,20.8,4,16666.67,-72.5,11,12.4,43,18721.31,-64.0,4,8.0,76,20737.93,-60.0,0,6.4,135,22119.05,-57.0,0,7.9,215,23925.24,-52.5,0,11.8,189,26522.73,-49.0,0,22.0,268,28394.91,-42.5,0,29.3,275,31086.96
2026-10-14T13:00,22.5,65,3.9,303,1014.4,23.1,58,9.4,313,129.00,23.8,50,11.1,328,351.00,22.8,49,11.2,339,578.00,21.3,48,11.3,349,810.00,19.6,50,11.1,359,1046.00,15.7,64,11.6,17,1535.00,13.2,36,8.7,7,2047.00,12.0,11,8.2,341,2588.00,10.3,7,11.1,344,3163.00,8.0,16,12.9,348,3776.00,4.6,26,14.9,337,4432.00,0.6,31,20.0,330,5135.00,-4.2,39,21.5,331,5893.00,-10.0,54,23.4,341,6714.92,-16.2,50,33.3,347,7612.35,-22.2,22,52.5,1,8604.20,-29.5,28,47.1,8,9722.58,-40.5,42,52.9,7,10992.38,-51.0,20,35.6,360,12481.40,-65.5,49,37.1,5,14286.57,-78.0,63,22.1,5,16670.83,-72.0,11,12.4,47,18726.78,-64.0,4,9.2,82,20744.83,-60.0,0,7.4,142,22126.99,-56.5,0,6.4,225,23934.58,-52.5,0,11.5,196,26534.09,-49.0,0,20.1,272,28407.64,-42.5,0,26.6,269,31101.45
2026-10-14T14:00,26.0,53,4.1,311,1014.8,24.3,55,8.3,313,133.00,23.8,52,9.8,325,354.00,22.5,53,10.2,334,581.00,21.3,51,10.8,345,813.00,19.6,54,10.3,352,1049.00,15.7,63,10.0,9,1539.00,13.4,40,8.1,2,2051.00,12.2,13,8.6,348,2593.00,10.5,8,11.8,352,3167.00,7.8,24,14.3,351,3781.00,4.2,29,15.8,342,4436.00,0.4,33,19.6,329,5138.00,-4.2,39,22.9,331,5896.00,-9.7,54,26.0,341,6718.23,-15.9,38,37.2,353,7616.05,-22.2,15,49.9,360,8608.39,-30.0,34,46.6,9,9725.81,-40.5,40,50.1,5,10996.19,-51.0,23,35.0,360,12483.72,-65.0,43,36.8,9,14292.54,-77.5,63,23.5,6,16675.00,-71.5,11,11.5,52,18732.24,-63.5,4,10.4,90,20758.62,-60.0,0,7.2,153,22134.92,-56.5,0,4.7,236,23943.93,-52.0,0,10.4,210,26556.82,-48.5,0,16.9,274,28433.12,-42.5,0,23.6,254,31130.44
2026-10-14T15:00,28.9,44,4.0,325,1015.0,25.3,53,7.2,319,136.00,24.0,53,8.6,323,358.00,22.5,55,9.1,331,585.00,21.3,54,9.9,341,817.00,19.6,57,9.3,346,1053.00,15.8,63,8.4,358,1543.00,13.5,42,7.8,358,2055.00,12.3,15,9.3,354,2597.00,10.7,11,12.7,358,3172.00,7.5,29,15.3,354,3785.00,3.9,33,16.5,344,4440.00,0.2,37,19.1,328,5141.00,-4.2,39,23.8,331,5899.00,-9.4,51,28.5,343,6721.55,-15.9,32,41.5,357,7618.52,-21.8,9,48.0,1,8612.59,-30.0,36,45.9,9,9729.03,-40.5,40,48.1,5,10998.10,-51.0,25,35.0,1,12486.05,-65.0,40,36.6,13,14295.52,-77.5,63,24.2,8,16679.17,-71.5,11,11.3,59,18737.71,-63.5,4,10.4,97,20765.52,-60.0,0,7.6,160,22142.86,-56.0,0,2.9,243,23953.27,-51.5,0,10.1,220,26568.18,-48.5,0,14.3,273,28445.86,-42.0,0,23.2,240,31144.93
2026-10-14T16:00,30.6,39,4.0,349,1014.7,25.9,51,6.5,339,133.00,24.6,51,7.3,328,355.00,22.9,54,7.6,328,582.00,21.5,54,8.3,333,815.00,19.8,58,7.9,336,1051.00,15.8,64,7.1,346,1541.00,13.7,43,7.8,358,2054.00,12.6,17,10.2,3,2596.00,10.7,20,13.5,6,3172.00,7.3,35,16.0,356,3785.00,3.5,39,17.8,346,4439.00,-0.2,43,19.6,329,5140.00,-4.4,41,23.6,328,5897.00,-9.4,42,32.5,347,6718.23,-15.9,32,44.7,359,7616.05,-21.4,11,48.1,5,8611.19,-30.0,34,44.0,9,9729.03,-40.5,47,46.9,6,10996.19,-51.0,30,36.3,2,12483.72,-65.0,37,36.1,15,14295.52,-78.0,63,23.5,8,16679.17,-71.5,11,11.0,62,18737.71,-63.5,4,9.9,113,20758.62,-59.5,0,6.6,169,22134.92,-56.0,0,1.4,243,23953.27,-51.5,0,10.5,223,26556.82,-48.5,0,13.1,261,28445.86,-40.5,0,24.3,236,31144.93
2026-10-14T17:00,31.7,37,4.4,13,1014.2,26.4,50,7.0,3,129.00,25.4,47,6.4,342,352.00,23.7,50,6.3,326,580.00,21.9,54,6.3,322,812.00,20.0,58,6.3,322,1049.00,15.9,65,6.2,331,1539.00,14.0,42,7.8,358,2052.00,12.9,19,11.6,12,2595.00,10.7,31,14.3,11,3171.00,7.2,40,16.8,359,3784.00,3.3,45,19.1,347,4438.00,-0.6,47,20.0,330,5138.00,-4.7,44,21.9,326,5894.00,-9.2,31,37.9,352,6716.02,-15.6,35,47.9,360,7614.82,-21.4,15,49.3,10,8611.19,-30.5,32,41.4,10,9727.42,-40.5,58,45.3,9,10996.19,-51.0,38,38.9,3,12481.40,-65.0,37,36.1,15,14292.54,-78.0,63,22.9,8,16675.00,-72.0,11,10.7,65,18732.24,-63.5,4,9.6,132,20751.73,-59.0,0,5.2,187,22134.92,-56.0,0,0.6,90,23953.27,-52.0,0,11.0,220,26556.82,-48.0,0,13.0,243,28433.12,-38.5,0,25.2,235,31159.42
2026-10-14T18:00,32.0,37,5.3,28,1013.7,26.6,50,8.2,19,126.00,25.8,46,6.3,356,349.00,24.2,48,5.5,331,577.00,22.2,53,5.5,315,810.00,20.2,58,5.8,309,1047.00,16.1,66,6.1,317,1537.00,14.3,42,8.1,358,2051.00,13.2,22,12.6,18,2594.00,10.5,39,14.6,16,3171.00,7.0,41,16.8,1,3784.00,3.1,46,19.8,348,4437.00,-1.0,47,20.9,332,5137.00,-4.9,43,21.4,325,5892.00,-9.2,22,41.5,356,6712.71,-15.3,37,49.9,1,7612.35,-21.0,18,50.1,14,8609.79,-30.5,28,39.6,11,9727.42,-40.5,60,44.9,11,10994.29,-51.0,40,40.3,4,12479.07,-65.0,37,36.1,15,14292.54,-78.5,63,21.6,9,16675.00,-72.5,11,10.7,65,18732.24,-63.5,4,9.3,146,20744.83,-58.5,0,3.5,202,22126.99,-56.0,0,1.9,90,23953.27,-52.0,0,11.5,218,26545.46,-48.0,0,13.9,233,28433.12,-37.5,0,27.0,235,31159.42
2026-10-14T19:00,31.3,40,6.0,33,1013.4,26.5,52,9.3,26,124.00,25.4,49,7.3,8,347.00,24.2,47,6.2,346,575.00,22.3,53,5.9,324,808.00,20.4,58,6.4,309,1045.00,16.3,66,6.8,308,1535.00,14.3,44,8.4,354,2049.00,13.3,25,13.0,19,2593.00,10.3,39,14.5,19,3170.00,7.0,35,16.1,5,3782.00,3.1,38,20.1,352,4435.00,-1.0,39,21.9,333,5135.00,-5.1,33,22.5,327,5890.00,-8.9,17,43.4,359,6710.50,-14.6,30,50.0,3,7611.11,-21.0,18,49.0,18,8609.79,-30.5,26,40.7,14,9727.42,-40.5,51,44.9,11,10994.29,-51.0,35,39.7,5,12479.07,-65.0,40,36.5,17,14292.54,-78.5,63,20.3,7,16675.00,-73.0,11,11.3,66,18732.24,-63.5,4,8.1,151,20737.93,-58.5,0,1.8,225,22126.99,-56.0,0,2.0,108,23943.93,-52.0,0,11.9,225,26545.46,-47.5,0,13.1,237,28433.12,-38.0,0,28.6,232,31159.42
2026-10-14T20:00,29.8,46,6.4,35,1013.2,26.1,55,10.0,29,123.00,24.7,54,8.7,15,345.00,24.1,48,8.2,359,573.00,22.4,53,7.4,339,805.00,20.5,58,7.4,317,1043.00,16.5,65,7.9,306,1534.00,14.1,46,8.5,351,2048.00,13.4,29,13.0,19,2591.00,10.2,36,14.3,21,3168.00,7.2,25,15.2,12,3781.00,3.3,23,19.5,357,4434.00,-1.0,25,22.1,335,5133.00,-5.1,17,23.8,331,5887.00,-8.9,15,43.5,3,6709.39,-14.0,22,48.8,5,7611.11,-21.0,16,46.3,20,8611.19,-30.5,22,42.8,18,9725.81,-40.5,36,45.5,11,10992.38,-51.0,25,38.4,6,12481.40,-65.0,43,36.3,19,14289.55,-78.0,60,19.5,4,16670.83,-73.5,15,12.5,69,18726.78,-64.0,4,6.1,148,20737.93,-59.0,0,1.3,360,22119.05,-56.5,0,1.8,135,23943.93,-51.5,0,13.0,233,26534.09,-47.5,0,12.5,249,28420.38,-39.5,0,30.8,229,31144.93
2026-10-14T21:00,28.3,52,6.4,38,1013.2,25.8,58,10.5,31,121.00,24.1,58,10.1,21,343.00,23.9,48,9.9,7,571.00,22.4,53,8.9,349,803.00,20.7,58,8.5,326,1041.00,16.8,64,8.9,309,1532.00,14.1,47,9.0,351,2046.00,13.3,34,13.1,20,2590.00,10.0,32,13.5,23,3167.00,7.2,16,14.0,17,3779.00,3.5,11,19.0,1,4432.00,-0.8,15,22.1,338,5131.00,-5.1,6,24.1,336,5885.00,-8.6,15,44.3,6,6707.18,-13.7,17,47.7,7,7609.88,-21.0,16,44.2,22,8611.19,-30.5,22,43.9,19,9725.81,-40.5,22,46.1,11,10992.38,-51.0,20,37.9,7,12481.40,-65.0,46,36.7,21,14289.55,-78.0,60,18.8,2,16670.83,-74.0,15,13.1,70,18726.78,-64.0,4,4.1,141,20731.04,-59.0,0,3.3,11,22119.05,-56.5,0,2.3,146,23934.58,-51.5,0,12.8,240,26534.09,-47.0,0,11.9,257,28420.38,-40.5,0,32.1,228,31144.93
2026-10-14T22:00,26.8,60,5.8,40,1013.6,25.6,61,10.7,35,126.00,23.8,61,10.9,28,348.00,23.8,47,11.0,13,575.00,22.5,51,10.0,356,808.00,20.8,57,9.4,336,1045.00,16.9,63,9.8,321,1537.00,14.3,47,10.0,357,2051.00,13.0,38,13.1,24,2594.00,9.9,30,12.3,26,3171.00,7.0,12,12.8,17,3783.00,3.5,6,18.1,3,4435.00,-0.6,9,20.8,344,5134.00,-4.9,1,22.6,347,5889.00,-8.3,15,45.4,10,6711.60,-13.7,20,47.8,9,7614.82,-21.4,20,42.7,22,8615.39,-30.5,26,41.4,17,9729.03,-40.5,18,47.5,11,10996.19,-51.0,23,39.2,8,12483.72,-65.0,49,36.7,21,14292.54,-78.0,60,19.5,4,16675.00,-74.0,15,12.1,74,18732.24,-63.5,4,2.9,117,20744.83,-59.0,0,3.8,31,22134.92,-56.5,0,2.7,135,23943.93,-51.5,0,11.7,251,26545.46,-46.5,0,9.3,258,28433.12,-41.0,0,32.2,230,31159.42
2026-10-14T23:00,25.2,69,4.7,42,1014.2,25.4,64,10.8,39,130.00,23.7,64,11.5,34,352.00,23.5,46,11.5,19,580.00,22.5,49,11.1,3,812.00,20.8,56,10.7,345,1050.00,16.9,61,10.9,335,1541.00,14.4,45,11.1,6,2055.00,12.6,43,13.0,29,2599.00,9.7,28,10.6,28,3174.00,6.8,9,11.1,16,3786.00,3.5,5,16.8,2,4439.00,-0.6,5,19.1,352,5138.00,-4.7,1,20.7,2,5893.00,-7.8,17,46.8,14,6716.02,-13.7,27,47.4,10,7620.99,-21.4,25,40.8,20,8619.58,-31.0,30,36.9,15,9733.87,-40.0,16,49.1,12,11000.00,-51.0,25,40.6,8,12488.37,-65.0,49,36.1,21,14298.51,-78.5,63,20.3,9,16675.00,-73.5,15,11.1,83,18732.24,-63.0,0,2.9,63,20751.73,-59.0,0,3.7,45,22142.86,-56.5,0,2.9,117,23953.27,-51.0,0,9.7,266,26556.82,-46.0,0,6.8,253,28445.86,-41.5,0,31.6,235,31173.92
2026-10-15T00:00,24.1,76,3.8,45,1014.8,25.3,67,10.6,43,135.00,23.6,66,11.9,40,357.00,23.3,48,11.8,25,584.00,22.4,48,11.7,11,817.00,20.8,55,11.4,354,1054.00,16.9,60,12.0,345,1546.00,14.5,45,12.1,12,2060.00,12.2,46,12.9,34,2603.00,9.7,26,9.5,32,3178.00,6.8,7,10.1,20,3790.00,3.5,4,15.1,7,4442.00,-0.4,3,17.9,2,5141.00,-4.4,1,20.9,16,5897.00,-7.5,18,47.7,18,6720.44,-14.0,32,47.0,12,7625.93,-21.8,29,38.9,18,8623.78,-31.0,34,33.8,12,9737.10,-40.0,16,50.0,13,11003.81,-51.0,28,42.7,10,12490.70,-65.0,51,35.5,21,14301.49,-78.5,63,21.2,12,16679.17,-73.0,15,10.4,86,18737.71,-62.5,0,3.7,45,20765.52,-59.0,0,4.3,63,22158.73,-56.5,0,3.8,121,23962.62,-51.0,0,8.6,283,26568.18,-45.5,0,4.7,236,28458.60,-41.5,0,31.1,239,31188.41
2026-10-15T01:00,23.7,79,3.6,45,1015.3,25.3,68,10.3,46,139.00,23.6,68,12.0,45,361.00,22.8,55,11.9,34,588.00,22.0,50,11.6,21,820.00,20.7,53,11.1,4,1057.00,16.9,60,12.2,352,1549.00,14.5,46,12.1,17,2063.00,11.9,48,12.6,38,2606.00,9.7,22,8.8,37,3180.00,7.0,6,10.4,36,3792.00,3.7,3,13.9,22,4445.00,-0.4,1,16.8,14,5144.00,-4.2,1,22.9,25,5900.00,-7.5,23,46.9,20,6724.86,-14.0,35,45.4,14,7630.86,-21.8,31,37.6,15,8627.97,-31.0,34,31.8,12,9740.32,-40.0,20,49.7,15,11007.62,-51.0,23,44.2,11,12495.35,-65.0,57,33.7,23,14304.48,-78.0,63,22.2,15,16683.33,-72.5,15,10.4,83,18743.17,-62.5,0,4.6,45,20772.41,-59.5,0,5.8,63,22158.73,-56.5,0,5.5,135,23971.97,-50.5,0,7.0,292,26579.55,-46.0,0,4.6,225,28471.34,-41.5,0,30.5,241,31188.41
2026-10-15T02:00,23.8,79,3.4,43,1015.8,25.4,69,9.9,50,142.00,23.6,70,11.7,51,364.00,22.2,66,12.0,46,591.00,21.4,54,11.3,34,823.00,20.3,50,10.8,16,1060.00,16.9,60,11.8,360,1551.00,14.4,48,11.8,24,2065.00,11.8,49,11.8,43,2608.00,9.7,18,8.3,43,3183.00,7.3,5,12.5,52,3795.00,3.9,3,14.4,45,4448.00,-0.2,3,15.8,30,5148.00,-3.7,1,24.7,30,5904.00,-7.5,29,44.8,22,6730.39,-14.3,37,42.6,17,7634.57,-22.2,33,36.2,10,8632.17,-31.5,34,31.3,13,9745.16,-40.0,27,48.4,18,11009.53,-50.5,18,45.1,12,12497.67,-65.0,66,30.7,25,14310.45,-78.0,60,22.5,18,16687.50,-72.5,11,10.9,73,18748.64,-62.5,0,4.1,51,20779.31,-60.0,0,7.2,63,22166.67,-56.0,0,8.8,144,23971.97,-50.0,0,5.2,300,26579.55,-46.5,0,5.1,230,28471.34,-42.0,0,28.7,242,31202.90
2026-10-15T03:00,23.9,80,3.2,43,1016.1,25.5,69,9.6,54,146.00,23.6,72,11.6,56,368.00,21.7,74,12.3,55,595.00,20.9,60,11.5,46,826.00,20.0,52,10.6,29,1063.00,16.8,60,11.2,9,1554.00,14.3,49,11.4,31,2068.00,11.6,48,11.0,47,2611.00,9.9,13,8.8,50,3185.00,7.7,4,14.5,60,3797.00,4.1,3,16.1,58,4451.00,-0.2,3,16.0,41,5151.00,-3.5,1,26.2,33,5907.00,-7.5,34,42.4,23,6734.81,-14.3,37,40.2,18,7639.51,-22.2,33,34.0,8,8636.36,-31.5,36,30.2,15,9748.39,-40.0,31,48.0,21,11013.33,-50.5,13,46.2,15,12502.33,-65.0,71,28.1,26,14313.43,-77.5,57,23.4,19,16691.67,-72.5,11,11.3,66,18754.10,-62.5,0,4.7,56,20786.21,-60.5,0,8.1,61,22166.67,-56.0,0,10.4,150,23981.31,-50.0,0,3.8,301,26590.91,-47.0,0,6.4,225,28484.08,-42.0,0,27.8,245,31202.90
2026-10-15T04:00,23.8,81,2.9,48,1016.2,25.6,70,9.3,61,146.00,23.6,74,11.6,62,369.00,21.6,79,12.3,62,595.00,20.5,69,12.0,56,827.00,19.3,62,10.9,43,1063.00,16.7,59,10.4,22,1553.00,14.1,50,11.1,39,2067.00,11.6,45,10.4,51,2610.00,10.2,10,10.1,53,3184.00,7.8,4,15.5,62,3797.00,4.1,3,16.0,62,4451.00,-0.2,3,15.6,45,5151.00,-3.3,3,26.1,35,5907.00,-7.5,34,39.5,23,6734.81,-14.3,35,37.7,16,7639.51,-22.2,33,30.1,7,8636.36,-31.5,40,29.1,17,9748.39,-40.0,29,48.1,26,11011.43,-50.5,13,47.4,17,12502.33,-65.0,69,24.7,23,14313.43,-77.5,57,24.6,18,16691.67,-73.0,11,11.6,63,18748.64,-63.0,0,4.7,56,20779.31,-60.5,0,8.7,63,22158.73,-56.0,0,11.3,156,23971.97,-50.5,0,2.7,284,26579.55,-47.0,0,8.7,222,28471.34,-42.0,0,27.3,252,31188.41
2026-10-15T05:00,23.8,82,2.5,58,1016.2,25.6,71,9.2,69,147.00,23.6,75,11.5,68,369.00,21.6,82,12.4,68,596.00,20.0,80,12.6,63,827.00,18.6,76,11.7,56,1064.00,16.4,59,9.8,41,1553.00,14.1,51,10.9,48,2067.00,11.5,40,9.8,52,2609.00,10.5,7,12.1,56,3184.00,7.8,4,15.9,63,3796.00,4.1,4,14.9,60,4450.00,-0.4,3,14.5,46,5151.00,-3.3,6,24.5,37,5906.00,-7.3,31,36.0,23,6734.81,-14.0,30,35.8,13,7640.74,-22.6,33,25.7,10,8637.76,-32.0,46,28.9,20,9748.39,-40.5,24,49.3,30,11011.43,-51.0,15,47.9,19,12500.00,-65.0,66,21.5,16,14310.45,-77.5,53,25.8,18,16687.50,-73.5,15,11.6,63,18748.64,-63.5,4,5.2,60,20772.41,-60.5,0,8.4,67,22150.79,-56.0,0,10.7,166,23971.97,-51.0,0,2.0,252,26579.55,-47.0,0,11.9,221,28471.34,-42.5,0,27.5,262,31188.41
2026-10-15T06:00,23.8,83,2.3,66,1016.2,25.7,71,9.1,75,147.00,23.7,76,11.3,73,370.00,21.6,83,12.2,73,596.00,19.7,88,13.0,69,828.00,18.1,87,12.4,65,1064.00,16.2,60,10.1,56,1552.00,14.0,52,10.9,55,2066.00,11.6,35,9.6,54,2608.00,10.8,4,13.6,57,3183.00,7.8,4,16.0,62,3796.00,4.1,4,14.3,56,4450.00,-0.4,3,14.1,45,5151.00,-3.3,9,23.5,39,5906.00,-7.3,29,33.1,23,6734.81,-14.0,27,34.3,11,7640.74,-22.6,33,22.6,13,8637.76,-32.0,50,28.2,23,9748.39,-40.5,22,49.6,33,11009.53,-51.0,18,48.4,20,12500.00,-65.0,60,20.5,11,14310.45,-77.5,53,26.6,18,16687.50,-73.5,15,12.5,62,18743.17,-64.0,4,5.2,60,20765.52,-60.0,0,8.6,77,22142.86,-56.0,0,10.4,173,23962.62,-51.5,0,2.7,225,26568.18,-47.0,0,13.8,221,28458.60,-42.5,0,27.9,269,31173.92
2026-10-15T07:00,23.8,83,2.3,70,1016.0,25.8,70,8.9,80,146.00,23.8,76,11.1,77,369.00,21.6,83,12.1,76,595.00,19.7,89,12.7,73,827.00,18.0,90,12.5,70,1063.00,15.9,66,10.3,62,1551.00,13.9,53,10.6,60,2065.00,11.9,28,10.0,53,2607.00,11.0,3,14.3,57,3182.00,8.0,4,16.2,60,3795.00,4.1,4,14.1,51,4449.00,-0.4,3,14.5,44,5150.00,-3.3,11,23.0,40,5906.00,-7.5,31,30.7,25,6733.70,-13.7,23,33.0,11,7639.51,-22.6,31,23.3,13,8636.36,-32.0,48,27.2,25,9746.77,-40.5,22,48.7,36,11009.53,-51.0,18,48.6,21,12497.67,-65.0,57,22.5,12,14307.46,-77.5,53,27.1,21,16687.50,-73.5,15,13.7,59,18743.17,-64.5,4,5.6,54,20758.62,-59.5,0,9.1,94,22142.86,-55.5,0,9.1,180,23962.62,-51.5,0,3.2,217,26568.18,-47.5,0,15.1,223,28458.60,-42.5,0,26.6,273,31159.42
2026-10-15T08:00,23.8,83,2.0,79,1015.8,25.8,69,8.6,82,145.00,23.9,74,10.8,80,367.00,21.7,81,11.8,78,594.00,19.8,86,12.1,75,826.00,18.1,89,12.1,73,1062.00,15.7,74,10.1,64,1550.00,13.7,54,10.1,61,2063.00,12.2,22,10.9,53,2605.00,11.0,4,15.1,58,3181.00,8.2,5,16.3,57,3794.00,4.2,4,14.7,46,4449.00,-0.6,3,15.3,41,5149.00,-3.0,13,22.9,43,5905.00,-8.1,32,28.1,29,6732.60,-13.4,20,31.6,15,7637.04,-22.2,29,25.2,12,8636.36,-31.5,44,25.8,28,9746.77,-41.0,24,47.5,39,11009.53,-51.0,15,48.9,22,12497.67,-65.0,54,25.9,13,14307.46,-77.5,53,26.7,26,16683.33,-73.0,15,15.3,54,18737.71,-64.5,4,6.9,49,20758.62,-59.0,0,10.5,112,22134.92,-55.5,0,6.6,191,23953.27,-52.0,0,3.8,211,26556.82,-47.5,0,15.6,225,28445.86,-43.0,0,25.4,276,31144.93
2026-10-15T09:00,23.8,83,2.0,79,1015.8,25.9,68,8.6,85,144.00,24.0,73,10.6,82,366.00,21.8,79,11.5,80,593.00,19.9,84,11.8,77,825.00,18.1,88,11.7,74,1061.00,15.4,80,10.2,66,1549.00,13.6,55,10.0,63,2062.00,12.3,17,11.4,55,2604.00,11.0,4,15.3,58,3180.00,8.2,5,16.0,57,3793.00,4.2,4,15.0,43,4448.00,-0.6,3,16.1,38,5148.00,-3.0,14,22.5,44,5905.00,-8.3,34,26.6,34,6731.49,-13.4,18,30.3,20,7635.80,-22.2,27,27.2,12,8634.97,-31.5,40,25.3,32,9745.16,-41.0,27,46.4,41,11009.53,-51.0,15,48.8,23,12495.35,-65.0,51,28.9,16,14304.48,-77.5,53,26.7,29,16683.33,-72.5,15,16.2,53,18737.71,-64.5,4,7.8,48,20751.73,-58.5,0,11.7,124,22134.92,-55.0,0,5.2,210,23953.27,-52.0,0,3.8,211,26556.82,-48.0,0,15.2,230,28445.86,-43.0,0,23.6,279,31130.44
2026-10-15T10:00,23.7,83,2.2,80,1016.2,26.0,67,9.0,88,149.00,24.1,71,10.7,84,371.00,22.0,78,11.5,80,598.00,19.9,84,12.0,77,830.00,18.0,89,11.9,76,1066.00,15.3,82,10.9,67,1554.00,13.5,54,10.3,60,2067.00,12.3,13,11.4,60,2608.00,11.0,4,15.4,63,3184.00,8.2,5,16.1,59,3797.00,4.2,4,15.3,44,4452.00,-0.6,3,16.1,38,5152.00,-3.0,14,21.5,44,5909.00,-8.3,34,25.2,42,6734.81,-13.4,20,29.6,29,7639.51,-22.2,27,27.9,18,8637.76,-31.5,38,26.4,36,9748.39,-41.0,24,47.2,42,11011.43,-51.0,18,49.3,27,12497.67,-65.0,49,31.2,17,14304.48,-77.5,57,26.4,31,16683.33,-72.0,15,17.4,59,18737.71,-64.5,4,9.3,56,20751.73,-58.5,0,12.4,133,22134.92,-55.0,0,5.5,225,23962.62,-52.0,0,3.5,202,26556.82,-48.5,0,14.8,241,28445.86,-42.5,0,22.8,285,31130.44
2026-10-15T11:00,23.7,84,2.4,76,1016.9,26.0,65,9.5,89,154.00,24.1,70,11.1,84,377.00,22.0,76,11.7,80,604.00,19.9,83,12.2,78,835.00,17.8,91,12.3,76,1071.00,15.2,81,11.5,67,1558.00,13.4,52,10.9,57,2071.00,12.3,11,11.3,68,2613.00,10.8,6,15.1,69,3189.00,8.2,6,16.0,62,3802.00,4.1,5,15.6,47,4456.00,-0.8,3,16.4,40,5156.00,-3.3,14,21.1,43,5912.00,-8.3,32,24.8,49,6739.23,-13.7,23,29.5,40,7643.21,-22.2,27,28.4,24,8641.96,-31.5,36,27.6,39,9753.23,-41.0,22,48.6,43,11015.24,-51.5,18,50.2,30,12500.00,-65.5,46,32.8,18,14307.46,-78.0,60,25.9,32,16679.17,-72.0,11,18.8,63,18743.17,-64.0,4,11.0,62,20758.62,-59.0,0,13.4,141,22142.86,-55.0,0,6.0,229,23962.62,-52.5,0,3.2,180,26568.18,-48.5,0,14.2,254,28445.86,-42.0,0,23.0,292,31144.93
2026-10-15T12:00,24.3,81,3.0,75,1017.5,26.1,64,9.9,89,159.00,24.2,68,11.3,84,382.00,22.1,75,11.6,81,609.00,19.9,83,12.2,79,840.00,17.7,92,12.3,77,1076.00,15.1,82,12.2,69,1563.00,13.2,54,11.9,57,2076.00,12.2,14,11.9,72,2617.00,10.8,6,15.1,73,3193.00,8.0,6,16.0,65,3806.00,3.9,5,16.0,51,4460.00,-0.8,3,16.8,41,5160.00,-3.3,14,21.1,43,5916.00,-8.1,31,24.3,56,6742.54,-14.0,25,29.8,48,7646.91,-22.2,27,29.1,32,8644.76,-31.5,36,28.9,42,9756.45,-41.0,20,49.0,43,11017.14,-51.5,20,50.5,33,12502.33,-65.5,46,34.1,21,14307.46,-78.0,60,26.1,35,16679.17,-71.5,11,19.3,70,18743.17,-64.0,4,12.5,69,20758.62,-59.0,0,12.6,145,22142.86,-55.0,0,5.6,234,23971.97,-52.5,0,4.1,162,26568.18,-48.5,0,14.3,265,28445.86,-41.5,0,22.0,294,31144.93
2026-10-15T13:00,26.0,72,4.2,77,1018.1,26.3,62,10.1,88,164.00,24.3,66,10.9,85,387.00,22.2,74,10.9,83,614.00,20.0,82,11.2,82,845.00,17.8,91,11.4,81,1081.00,14.8,86,12.4,73,1568.00,13.1,65,13.8,62,2081.00,11.8,28,13.1,70,2622.00,11.0,7,15.1,73,3198.00,7.8,7,16.7,66,3812.00,3.7,5,16.4,54,4465.00,-0.8,3,17.5,44,5165.00,-3.3,13,21.1,43,5921.00,-8.1,29,24.1,59,6748.07,-14.0,25,30.0,51,7651.85,-22.2,27,30.4,40,8650.35,-31.5,36,28.4,47,9761.29,-41.5,22,47.2,44,11020.95,-51.5,20,50.2,36,12504.65,-65.5,49,35.7,25,14310.45,-77.5,57,27.6,39,16679.17,-71.0,11,19.2,78,18748.64,-63.5,4,13.2,79,20765.52,-59.0,0,9.3,146,22150.79,-55.5,0,3.3,259,23981.31,-52.0,0,7.2,153,26579.55,-48.0,0,13.6,267,28458.60,-41.0,0,19.5,291,31159.42
2026-10-15T14:00,28.4,60,5.8,78,1018.8,26.5,61,10.3,85,168.00,24.4,65,10.5,87,391.00,22.3,72,10.3,88,619.00,20.1,80,10.0,89,850.00,18.0,89,10.2,86,1086.00,14.7,92,12.3,78,1574.00,13.1,79,16.3,68,2087.00,11.2,49,14.9,65,2628.00,11.1,7,15.2,72,3204.00,7.7,7,17.4,67,3817.00,3.7,6,16.9,57,4471.00,-0.8,4,17.8,45,5170.00,-3.0,13,21.5,44,5927.00,-7.8,26,23.8,61,6753.59,-14.0,25,29.6,52,7658.03,-22.2,29,31.6,47,8655.94,-31.5,38,27.1,50,9767.74,-42.0,29,44.9,46,11026.67,-52.0,18,49.6,36,12506.98,-66.0,51,38.0,30,14313.43,-77.0,50,29.8,42,16683.33,-71.0,11,19.4,88,18759.56,-63.0,0,13.6,93,20779.31,-59.5,0,4.7,146,22166.67,-55.5,0,2.7,346,23981.31,-51.5,0,11.3,149,26579.55,-47.5,0,11.7,267,28471.34,-40.5,0,15.9,282,31188.41
2026-10-15T15:00,30.0,52,6.9,79,1019.2,26.5,61,11.0,83,173.00,24.4,66,10.5,87,396.00,22.3,73,10.0,90,624.00,20.1,80,9.6,93,855.00,18.1,88,9.7,91,1091.00,14.6,96,12.4,83,1579.00,13.1,90,17.9,72,2092.00,10.8,66,16.0,63,2633.00,11.3,8,15.3,71,3209.00,7.7,8,17.8,67,3823.00,3.5,6,17.4,60,4476.00,-0.8,4,18.2,49,5175.00,-3.0,11,22.0,45,5932.00,-7.8,25,23.5,62,6759.12,-14.0,25,29.2,53,7662.96,-22.2,29,32.4,53,8661.54,-31.5,38,25.5,54,9772.58,-42.5,31,42.7,48,11030.48,-52.0,18,49.0,37,12509.30,-66.0,54,39.4,33,14316.42,-76.5,43,31.6,46,16683.33,-71.0,11,19.5,94,18765.03,-63.0,0,13.9,101,20786.21,-59.5,0,1.4,117,22174.60,-56.0,0,4.9,23,23990.66,-51.0,0,13.9,152,26590.91,-47.0,0,10.4,266,28484.08,-40.5,0,13.6,270,31202.90
2026-10-15T16:00,30.2,52,7.8,77,1019.2,26.2,65,12.2,83,172.00,24.1,70,11.5,86,395.00,22.0,77,11.1,90,622.00,20.0,82,10.2,92,853.00,18.1,89,10.0,93,1089.00,14.8,96,12.1,84,1577.00,13.1,92,17.7,74,2091.00,10.5,76,16.7,66,2632.00,11.3,8,15.9,72,3208.00,7.7,8,17.6,68,3822.00,3.5,6,17.8,60,4475.00,-0.8,4,18.3,51,5174.00,-2.8,11,21.6,49,5931.00,-7.8,25,22.6,63,6758.01,-14.0,27,27.5,56,7661.73,-22.2,31,31.1,54,8660.14,-31.5,34,22.5,57,9770.97,-42.5,29,42.3,50,11028.57,-52.0,18,48.9,39,12506.98,-66.0,54,40.4,35,14313.43,-76.0,40,30.8,49,16683.33,-71.5,11,18.8,94,18765.03,-63.5,0,12.9,108,20779.31,-59.0,0,2.0,72,22166.67,-56.0,0,5.5,45,23990.66,-51.0,0,15.4,165,26590.91,-47.0,0,10.4,263,28484.08,-41.0,0,13.4,256,31202.90
2026-10-15T17:00,29.7,57,8.3,75,1019.0,25.6,71,13.5,83,171.00,23.6,76,13.3,86,393.00,21.5,82,12.5,88,621.00,19.8,86,11.5,91,852.00,18.1,90,10.6,91,1088.00,15.2,93,11.9,84,1576.00,13.1,91,16.4,76,2089.00,10.2,82,16.8,70,2631.00,11.3,8,16.9,73,3206.00,7.8,8,17.1,69,3820.00,3.5,6,17.8,60,4473.00,-0.8,4,18.4,53,5172.00,-2.8,11,21.8,53,5929.00,-7.8,25,21.7,63,6756.91,-14.3,28,25.0,59,7660.49,-22.2,33,27.9,54,8657.34,-32.0,30,18.9,59,9769.35,-42.0,22,42.0,52,11028.57,-52.5,15,49.2,40,12504.65,-66.0,54,40.8,36,14307.46,-75.5,37,30.1,53,16683.33,-72.0,15,17.5,92,18765.03,-64.0,4,11.3,114,20779.31,-58.5,0,3.9,81,22166.67,-56.0,0,6.1,72,23981.31,-50.5,0,16.9,182,26579.55,-46.5,0,10.5,259,28471.34,-41.5,0,14.5,243,31202.90
2026-10-15T18:00,29.0,62,8.8,72,1018.8,25.2,75,15.0,80,170.00,23.2,81,15.1,82,392.00,21.2,87,14.3,83,619.00,19.6,90,13.1,86,850.00,18.0,92,11.8,88,1086.00,15.4,92,11.9,84,1574.00,13.2,88,15.4,79,2088.00,10.2,82,16.8,74,2630.00,11.1,8,17.5,73,3205.00,7.8,8,17.0,70,3819.00,3.5,6,18.0,62,4472.00,-0.8,4,18.5,55,5171.00,-2.6,11,21.6,57,5928.00,-7.8,25,20.9,64,6755.80,-14.3,28,23.8,61,7659.26,-22.2,33,26.4,54,8655.94,-32.0,28,17.4,59,9767.74,-42.0,18,42.1,53,11026.67,-52.5,15,49.6,42,12502.33,-66.0,54,41.1,38,14304.48,-75.0,33,28.6,57,16683.33,-72.5,15,16.2,90,18765.03,-64.5,4,10.1,117,20772.41,-58.0,0,5.3,76,22158.73,-56.0,0,7.1,90,23981.31,-50.5,0,18.1,195,26579.55,-46.5,0,10.7,256,28471.34,-42.0,0,16.4,236,31202.90
2026-10-15T19:00,28.1,68,9.5,67,1018.6,25.0,77,16.9,73,169.00,22.9,83,17.2,74,391.00,21.0,90,16.6,75,618.00,19.4,93,15.2,79,849.00,17.8,94,13.4,84,1084.00,15.6,93,12.6,87,1573.00,13.4,85,14.6,85,2087.00,10.5,74,16.1,79,2629.00,10.8,10,17.7,75,3203.00,7.8,8,17.1,73,3817.00,3.5,6,18.0,65,4470.00,-0.6,4,19.4,57,5169.00,-2.6,13,21.2,59,5927.00,-7.8,23,19.7,67,6754.70,-14.3,27,24.9,62,7658.03,-22.2,31,27.9,54,8655.94,-32.0,30,19.1,55,9766.13,-42.0,18,41.7,54,11024.76,-52.5,15,50.0,43,12502.33,-66.0,54,41.0,39,14304.48,-74.5,30,28.1,61,16683.33,-73.0,15,15.6,88,18759.56,-64.5,4,9.9,113,20765.52,-58.0,0,6.4,66,22158.73,-56.5,0,7.8,95,23981.31,-50.5,0,17.4,207,26579.55,-46.0,0,9.4,254,28471.34,-42.0,0,17.3,236,31202.90
2026-10-15T20:00,27.1,74,10.3,63,1018.5,24.8,77,19.2,64,168.00,22.8,84,20.2,65,390.00,20.8,91,19.5,67,616.00,19.0,95,17.9,72,847.00,17.7,97,15.6,80,1083.00,15.6,94,13.8,90,1571.00,13.6,80,14.3,93,2085.00,10.8,60,15.6,85,2627.00,10.5,12,18.0,76,3202.00,7.7,8,17.3,76,3815.00,3.5,5,18.0,68,4468.00,-0.4,3,19.6,59,5167.00,-2.3,13,21.2,59,5925.00,-7.5,22,19.5,69,6753.59,-14.0,23,27.5,63,7658.03,-22.2,25,30.7,55,8654.55,-32.5,32,22.2,52,9766.13,-42.5,18,40.8,54,11022.86,-52.0,18,50.4,45,12500.00,-66.0,51,40.8,42,14301.49,-74.0,27,27.8,65,16683.33,-73.5,19,14.3,85,18759.56,-64.0,4,10.2,108,20765.52,-58.0,0,7.6,59,22150.79,-57.0,0,7.2,95,23971.97,-50.0,0,16.0,223,26568.18,-45.5,0,6.8,253,28471.34,-42.0,0,18.3,238,31188.41
2026-10-15T21:00,26.3,78,10.7,58,1018.5,24.7,77,21.1,59,167.00,22.5,84,22.3,60,389.00,20.6,92,21.8,62,615.00,18.8,97,20.0,67,846.00,17.6,98,17.0,76,1081.00,15.6,95,14.3,90,1570.00,13.7,77,13.9,97,2084.00,11.2,47,15.0,89,2626.00,10.3,13,18.2,77,3200.00,7.7,8,17.5,79,3813.00,3.5,5,18.2,72,4466.00,-0.2,3,20.9,62,5165.00,-2.3,14,21.2,59,5924.00,-7.5,20,19.3,70,6752.49,-14.0,22,29.8,63,7656.79,-22.2,24,31.8,57,8654.55,-32.5,36,24.8,49,9764.52,-42.5,18,39.9,54,11020.95,-52.0,18,50.9,47,12500.00,-66.0,51,40.8,43,14301.49,-73.5,27,27.7,69,16683.33,-74.0,19,14.4,82,18754.10,-63.5,4,10.7,104,20758.62,-58.0,0,8.4,58,22150.79,-57.0,0,7.2,95,23971.97,-50.0,0,15.1,239,26568.18,-45.5,0,4.7,254,28471.34,-42.0,0,19.4,240,31188.41
2026-10-15T22:00,25.7,79,10.7,55,1018.8,24.6,77,21.7,56,170.00,22.4,84,23.0,57,392.00,20.4,92,22.7,59,617.00,18.6,98,20.9,63,848.00,17.5,97,16.9,71,1083.00,15.3,96,13.8,86,1572.00,13.7,77,13.2,92,2086.00,11.5,38,14.4,91,2628.00,10.3,12,18.1,78,3202.00,7.7,8,17.9,79,3815.00,3.7,5,18.4,73,4468.00,0.2,3,22.6,65,5168.00,-2.1,14,22.1,58,5928.00,-7.5,20,20.1,69,6756.91,-14.0,22,31.0,61,7661.73,-22.2,24,29.9,60,8658.74,-32.5,38,25.3,50,9767.74,-42.5,16,39.0,54,11024.76,-52.0,18,51.4,48,12502.33,-66.0,54,41.2,45,14304.48,-73.5,27,27.1,73,16687.50,-74.0,19,15.3,78,18754.10,-63.0,4,10.4,97,20765.52,-58.0,0,8.8,54,22158.73,-57.0,0,7.2,100,23981.31,-50.0,0,12.9,252,26579.55,-46.0,0,3.3,259,28484.08,-42.0,0,20.3,239,31188.41
2026-10-15T23:00,25.3,78,10.7,52,1019.1,24.4,76,21.7,54,172.00,22.3,83,23.0,55,394.00,20.2,92,22.7,57,620.00,18.4,98,21.0,60,850.00,17.4,96,16.3,66,1085.00,15.0,98,13.0,80,1573.00,13.6,78,12.5,83,2087.00,11.8,29,13.5,91,2629.00,10.7,11,18.4,80,3204.00,7.8,7,17.9,79,3818.00,3.7,4,18.4,73,4471.00,0.6,4,24.3,68,5171.00,-1.9,14,23.0,58,5932.00,-7.5,22,21.5,69,6760.22,-14.3,22,32.2,60,7665.43,-22.6,25,27.2,65,8661.54,-33.0,40,24.9,51,9769.35,-42.0,16,37.6,54,11026.67,-52.5,20,51.9,50,12504.65,-66.0,60,40.8,47,14307.46,-73.5,27,25.9,77,16695.83,-74.0,15,16.4,72,18759.56,-62.5,0,9.7,94,20779.31,-58.0,0,8.8,54,22174.60,-56.5,0,7.4,105,23981.31,-50.0,0,9.7,274,26602.27,-47.0,0,1.9,270,28484.08,-42.5,0,21.2,239,31202.90
